Liczba wypadków,Liczba zabitych,Liczba rannych,Rok,Warunki atmosferyczne,Rodzaj zdarzenia,Warunki atmosferyczne,Oświetlenie,Charakterystyka miejsca zdarzenia,IDKSIP zdarzenia,Godzina,Dzień,Ranny,GPS x,GPS y,Numer drogi,Obszar,Geometria drogi,Kategoria drogi 1,Rodzaj drogi,Czy w zdarzeniu był sprawca nietrzeźwy,Powiat,Gmina
1,0,1,2014,Dobre warunki atmosferyczne,Najechanie na pieszego,Dobre warunki atmosferyczne,Noc - droga oświetlona,Jezdnia,EWK-98354847U,20,2014-08-11,Lekko,19*45'388,52*32'391,GMINNA,Obszar zabudowany,Odcinek prosty,Droga gminna,Jednojezdniowa dwukierunkowa,N,POWIAT PŁOCK,PŁOCK - OBSZAR MIEJSKI
1,0,0,2014,Dobre warunki atmosferyczne,Najechanie na pieszego,Dobre warunki atmosferyczne,Noc - droga oświetlona,Jezdnia,EWK-98354847U,20,2014-08-11,Nieokreślone (puste pole),19*45'388,52*32'391,GMINNA,Obszar zabudowany,Odcinek prosty,Droga gminna,Jednojezdniowa dwukierunkowa,N,POWIAT PŁOCK,PŁOCK - OBSZAR MIEJSKI
1,0,1,2014,Dobre warunki atmosferyczne,Najechanie na pieszego,Dobre warunki atmosferyczne,Noc - droga oświetlona,Jezdnia,EWK-98371134Y,22,2014-08-15,Lekko,21*05'334,52*42'071,GMINNA,Obszar zabudowany,Odcinek prosty,Droga gminna,Jednojezdniowa dwukierunkowa,N,POWIAT PUŁTUSKI,PUŁTUSK - OBSZAR MIEJSKI
1,0,0,2014,Dobre warunki atmosferyczne,Najechanie na pieszego,Dobre warunki atmosferyczne,Noc - droga oświetlona,Jezdnia,EWK-98371134Y,22,2014-08-15,Nieokreślone (puste pole),21*05'334,52*42'071,GMINNA,Obszar zabudowany,Odcinek prosty,Droga gminna,Jednojezdniowa dwukierunkowa,N,POWIAT PUŁTUSKI,PUŁTUSK - OBSZAR MIEJSKI
1,0,1,2014,Dobre warunki atmosferyczne,Najechanie na pieszego,Dobre warunki atmosferyczne,Noc - droga oświetlona,Jezdnia,EWK-98381905F,20,2014-08-22,Ciężko,21*36'002,52*41'393,4403W,Obszar zabudowany,,Droga powiatowa,Jednojezdniowa dwukierunkowa,N,POWIAT WYSZKOWSKI,BRAŃSZCZYK - OBSZAR WIEJSKI
1,0,0,2014,Dobre warunki atmosferyczne,Najechanie na pieszego,Dobre warunki atmosferyczne,Noc - droga oświetlona,Jezdnia,EWK-98381905F,20,2014-08-22,Nieokreślone (puste pole),21*36'002,52*41'393,4403W,Obszar zabudowany,,Droga powiatowa,Jednojezdniowa dwukierunkowa,N,POWIAT WYSZKOWSKI,BRAŃSZCZYK - OBSZAR WIEJSKI
1,0,1,2014,Dobre warunki atmosferyczne,Najechanie na pieszego,Dobre warunki atmosferyczne,Noc - droga oświetlona,Jezdnia,EWK-98388628H,21,2014-08-29,Ciężko,20*19'472,53*00'201,7,Obszar zabudowany,Odcinek prosty,Droga krajowa,Jednojezdniowa dwukierunkowa,N,POWIAT MŁAWSKI,WIŚNIEWO - OBSZAR WIEJSKI
1,0,0,2014,Dobre warunki atmosferyczne,Najechanie na pieszego,Dobre warunki atmosferyczne,Noc - droga oświetlona,Jezdnia,EWK-98388628H,21,2014-08-29,Nieokreślone (puste pole),20*19'472,53*00'201,7,Obszar zabudowany,Odcinek prosty,Droga krajowa,Jednojezdniowa dwukierunkowa,N,POWIAT MŁAWSKI,WIŚNIEWO - OBSZAR WIEJSKI
1,1,0,2014,Dobre warunki atmosferyczne,Najechanie na pieszego,Dobre warunki atmosferyczne,Noc - droga oświetlona,Jezdnia,EWK-98413350F,20,2014-09-17,Nieokreślone (puste pole),21*42'578,51*56'471,76,Obszar zabudowany,Odcinek prosty,Droga krajowa,Jednojezdniowa dwukierunkowa,N,POWIAT GARWOLIŃSKI,BOROWIE - OBSZAR WIEJSKI
1,0,1,2014,Dobre warunki atmosferyczne,Najechanie na pieszego,Dobre warunki atmosferyczne,Noc - droga oświetlona,Jezdnia,EWK-98413389J,19,2014-09-15,Lekko,21*35'375,53*04'286,G510071W,Obszar zabudowany,"Zakręt, łuk",Droga gminna,Jednojezdniowa dwukierunkowa,N,POWIAT OSTROŁĘKA,OSTROŁĘKA - OBSZAR MIEJSKI
1,0,0,2014,Dobre warunki atmosferyczne,Najechanie na pieszego,Dobre warunki atmosferyczne,Noc - droga oświetlona,Jezdnia,EWK-98413389J,19,2014-09-15,Nieokreślone (puste pole),21*35'375,53*04'286,G510071W,Obszar zabudowany,"Zakręt, łuk",Droga gminna,Jednojezdniowa dwukierunkowa,N,POWIAT OSTROŁĘKA,OSTROŁĘKA - OBSZAR MIEJSKI
1,0,1,2014,Dobre warunki atmosferyczne,Najechanie na pieszego,Dobre warunki atmosferyczne,Noc - droga oświetlona,Jezdnia,EWK-98415128U,23,2014-09-20,Ciężko,21*08'247,51*24'418,G530103W,Obszar zabudowany,,Droga gminna,Jednojezdniowa dwukierunkowa,N,POWIAT RADOM,RADOM - OBSZAR MIEJSKI
1,0,0,2014,Dobre warunki atmosferyczne,Najechanie na pieszego,Dobre warunki atmosferyczne,Noc - droga oświetlona,Jezdnia,EWK-98415128U,23,2014-09-20,Nieokreślone (puste pole),21*08'247,51*24'418,G530103W,Obszar zabudowany,,Droga gminna,Jednojezdniowa dwukierunkowa,N,POWIAT RADOM,RADOM - OBSZAR MIEJSKI
1,1,0,2014,Dobre warunki atmosferyczne,Najechanie na pieszego,Dobre warunki atmosferyczne,Noc - droga oświetlona,Jezdnia,EWK-98449194T,18,2014-10-09,Nieokreślone (puste pole),21*21'181,51*47'063,79,Obszar zabudowany,Odcinek prosty,Droga krajowa,Jednojezdniowa dwukierunkowa,N,POWIAT KOZIENICKI,MAGNUSZEW - OBSZAR WIEJSKI
1,1,0,2014,Dobre warunki atmosferyczne,Najechanie na pieszego,Dobre warunki atmosferyczne,Noc - droga oświetlona,Jezdnia,EWK-98449411Q,21,2014-10-04,Nieokreślone (puste pole),21*22'042,51*08'021,P3549W,Obszar zabudowany,Odcinek prosty,Droga powiatowa,Jednojezdniowa dwukierunkowa,N,POWIAT LIPSKI,RZECZNIÓW - OBSZAR WIEJSKI
1,0,1,2014,Dobre warunki atmosferyczne,Najechanie na pieszego,Dobre warunki atmosferyczne,Noc - droga oświetlona,Jezdnia,EWK-98453301H,19,2014-10-08,Ciężko,21*27'244,52*35'465,P4408W,Obszar zabudowany,Odcinek prosty,Droga powiatowa,Jednojezdniowa dwukierunkowa,N,POWIAT WYSZKOWSKI,WYSZKÓW - OBSZAR MIEJSKI
1,0,0,2014,Dobre warunki atmosferyczne,Najechanie na pieszego,Dobre warunki atmosferyczne,Noc - droga oświetlona,Jezdnia,EWK-98453301H,19,2014-10-08,Nieokreślone (puste pole),21*27'244,52*35'465,P4408W,Obszar zabudowany,Odcinek prosty,Droga powiatowa,Jednojezdniowa dwukierunkowa,N,POWIAT WYSZKOWSKI,WYSZKÓW - OBSZAR MIEJSKI
1,0,1,2014,Dobre warunki atmosferyczne,Najechanie na pieszego,Dobre warunki atmosferyczne,Noc - droga oświetlona,Jezdnia,EWK-98569233U,18,2014-10-20,Ciężko,21*09'394,51*23'030,P3539W,Obszar zabudowany,Odcinek prosty,Droga powiatowa,Dwie jezdnie jednokierunkowe,N,POWIAT RADOM,RADOM - OBSZAR MIEJSKI
1,0,0,2014,Dobre warunki atmosferyczne,Najechanie na pieszego,Dobre warunki atmosferyczne,Noc - droga oświetlona,Jezdnia,EWK-98569233U,18,2014-10-20,Nieokreślone (puste pole),21*09'394,51*23'030,P3539W,Obszar zabudowany,Odcinek prosty,Droga powiatowa,Dwie jezdnie jednokierunkowe,N,POWIAT RADOM,RADOM - OBSZAR MIEJSKI
1,0,1,2014,Dobre warunki atmosferyczne,Najechanie na pieszego,Dobre warunki atmosferyczne,Noc - droga oświetlona,Jezdnia,EWK-98613062N,19,2014-10-18,Ciężko,22*14'483,52*09'146,803,Obszar zabudowany,Odcinek prosty,Droga wojewódzka,Jednojezdniowa dwukierunkowa,N,POWIAT SIEDLECKI,SKÓRZEC - OBSZAR WIEJSKI
1,0,0,2014,Dobre warunki atmosferyczne,Najechanie na pieszego,Dobre warunki atmosferyczne,Noc - droga oświetlona,Jezdnia,EWK-98613062N,19,2014-10-18,Nieokreślone (puste pole),22*14'483,52*09'146,803,Obszar zabudowany,Odcinek prosty,Droga wojewódzka,Jednojezdniowa dwukierunkowa,N,POWIAT SIEDLECKI,SKÓRZEC - OBSZAR WIEJSKI
1,1,0,2014,Dobre warunki atmosferyczne,Najechanie na pieszego,Dobre warunki atmosferyczne,Noc - droga oświetlona,Jezdnia,EWK-98632875U,14,2014-11-04,Nieokreślone (puste pole),21*23'132,51*24'394,P3524W,Obszar zabudowany,Odcinek prosty,Droga powiatowa,Jednojezdniowa dwukierunkowa,N,POWIAT RADOMSKI,JEDLNIA-LETNISKO - OBSZAR WIEJSKI
1,0,1,2014,Dobre warunki atmosferyczne,Najechanie na pieszego,Dobre warunki atmosferyczne,Noc - droga oświetlona,Jezdnia,EWK-98643397Q,20,2014-11-16,Lekko,19*40'334,52*51'166,,Obszar zabudowany,"Zakręt, łuk",Nieokreślone (puste pole),Jednojezdniowa dwukierunkowa,T,POWIAT SIERPECKI,SIERPC - OBSZAR MIEJSKI
1,0,0,2014,Dobre warunki atmosferyczne,Najechanie na pieszego,Dobre warunki atmosferyczne,Noc - droga oświetlona,Jezdnia,EWK-98643397Q,20,2014-11-16,Nieokreślone (puste pole),19*40'334,52*51'166,,Obszar zabudowany,"Zakręt, łuk",Nieokreślone (puste pole),Jednojezdniowa dwukierunkowa,T,POWIAT SIERPECKI,SIERPC - OBSZAR MIEJSKI
1,0,1,2014,Dobre warunki atmosferyczne,Najechanie na pieszego,Dobre warunki atmosferyczne,Noc - droga oświetlona,Jezdnia,EWK-98663575N,23,2014-11-29,Lekko,21*22'014,53*22'223,2515W,Obszar zabudowany,"Zakręt, łuk",Droga powiatowa,Jednojezdniowa dwukierunkowa,T,POWIAT OSTROŁĘCKI,MYSZYNIEC - OBSZAR MIEJSKI
1,0,0,2014,Dobre warunki atmosferyczne,Najechanie na pieszego,Dobre warunki atmosferyczne,Noc - droga oświetlona,Jezdnia,EWK-98663575N,23,2014-11-29,Nieokreślone (puste pole),21*22'014,53*22'223,2515W,Obszar zabudowany,"Zakręt, łuk",Droga powiatowa,Jednojezdniowa dwukierunkowa,T,POWIAT OSTROŁĘCKI,MYSZYNIEC - OBSZAR MIEJSKI
1,1,0,2014,Dobre warunki atmosferyczne,Najechanie na pieszego,Dobre warunki atmosferyczne,Noc - droga oświetlona,Jezdnia,EWK-98664124U,20,2014-11-30,Nieokreślone (puste pole),21*46'239,51*14'310,GMINNA,Obszar zabudowany,Odcinek prosty,Droga gminna,Jednojezdniowa dwukierunkowa,T,POWIAT LIPSKI,CHOTCZA - OBSZAR WIEJSKI
1,0,1,2014,Dobre warunki atmosferyczne,Najechanie na pieszego,Dobre warunki atmosferyczne,Noc - droga oświetlona,Jezdnia,EWK-98675996J,6,2014-12-09,Lekko,20*52'203,51*13'481,7,Obszar niezabudowany,Odcinek prosty,Droga krajowa,Jednojezdniowa dwukierunkowa,T,POWIAT SZYDŁOWIECKI,SZYDŁOWIEC - OBSZAR MIEJSKI
1,0,0,2014,Dobre warunki atmosferyczne,Najechanie na pieszego,Dobre warunki atmosferyczne,Noc - droga oświetlona,Jezdnia,EWK-98675996J,6,2014-12-09,Nieokreślone (puste pole),20*52'203,51*13'481,7,Obszar niezabudowany,Odcinek prosty,Droga krajowa,Jednojezdniowa dwukierunkowa,T,POWIAT SZYDŁOWIECKI,SZYDŁOWIEC - OBSZAR MIEJSKI
1,0,2,2014,Dobre warunki atmosferyczne,Najechanie na pieszego,Dobre warunki atmosferyczne,Noc - droga oświetlona,Jezdnia,EWK-98682677U,22,2014-12-12,Lekko,20*23'009,53*06'424,544,Obszar zabudowany,Odcinek prosty,Droga wojewódzka,Jednojezdniowa dwukierunkowa,N,POWIAT MŁAWSKI,MŁAWA - OBSZAR MIEJSKI
1,0,0,2014,Dobre warunki atmosferyczne,Najechanie na pieszego,Dobre warunki atmosferyczne,Noc - droga oświetlona,Jezdnia,EWK-98682677U,22,2014-12-12,Nieokreślone (puste pole),20*23'009,53*06'424,544,Obszar zabudowany,Odcinek prosty,Droga wojewódzka,Jednojezdniowa dwukierunkowa,N,POWIAT MŁAWSKI,MŁAWA - OBSZAR MIEJSKI
1,0,1,2014,Dobre warunki atmosferyczne,Najechanie na pieszego,Dobre warunki atmosferyczne,Noc - droga oświetlona,Jezdnia,EWK-98686276R,15,2014-12-13,Lekko,21*35'023,53*04'340,2569W,Obszar zabudowany,Odcinek prosty,Droga powiatowa,Jednojezdniowa dwukierunkowa,T,POWIAT OSTROŁĘKA,OSTROŁĘKA - OBSZAR MIEJSKI
1,0,0,2014,Dobre warunki atmosferyczne,Najechanie na pieszego,Dobre warunki atmosferyczne,Noc - droga oświetlona,Jezdnia,EWK-98686276R,15,2014-12-13,Nieokreślone (puste pole),21*35'023,53*04'340,2569W,Obszar zabudowany,Odcinek prosty,Droga powiatowa,Jednojezdniowa dwukierunkowa,T,POWIAT OSTROŁĘKA,OSTROŁĘKA - OBSZAR MIEJSKI
1,0,1,2014,Dobre warunki atmosferyczne,Najechanie na pieszego,Dobre warunki atmosferyczne,Noc - droga oświetlona,Jezdnia,EWK-98688461F,16,2014-12-17,Lekko,21*08'359,51*24'005,P5315W,Obszar zabudowany,Odcinek prosty,Droga powiatowa,Jednojezdniowa dwukierunkowa,N,POWIAT RADOM,RADOM - OBSZAR MIEJSKI
1,0,0,2014,Dobre warunki atmosferyczne,Najechanie na pieszego,Dobre warunki atmosferyczne,Noc - droga oświetlona,Jezdnia,EWK-98688461F,16,2014-12-17,Nieokreślone (puste pole),21*08'359,51*24'005,P5315W,Obszar zabudowany,Odcinek prosty,Droga powiatowa,Jednojezdniowa dwukierunkowa,N,POWIAT RADOM,RADOM - OBSZAR MIEJSKI
1,0,1,2014,Dobre warunki atmosferyczne,Najechanie na pieszego,Dobre warunki atmosferyczne,Noc - droga oświetlona,Jezdnia,EWK-98707813J,17,2014-12-30,Lekko,20*36'139,52*52'175,60,Obszar zabudowany,,Droga krajowa,Jednojezdniowa dwukierunkowa,N,POWIAT CIECHANOWSKI,CIECHANÓW - OBSZAR MIEJSKI
1,0,0,2014,Dobre warunki atmosferyczne,Najechanie na pieszego,Dobre warunki atmosferyczne,Noc - droga oświetlona,Jezdnia,EWK-98707813J,17,2014-12-30,Nieokreślone (puste pole),20*36'139,52*52'175,60,Obszar zabudowany,,Droga krajowa,Jednojezdniowa dwukierunkowa,N,POWIAT CIECHANOWSKI,CIECHANÓW - OBSZAR MIEJSKI
1,0,1,2014,Dobre warunki atmosferyczne,Najechanie na pieszego,Dobre warunki atmosferyczne,Noc - droga oświetlona,"Parking, plac",EWK-98100881E,21,2014-01-18,Lekko,19*40'358,52*33'053,559,Obszar zabudowany,Odcinek prosty,Droga wojewódzka,Jednojezdniowa dwukierunkowa,N,POWIAT PŁOCK,PŁOCK - OBSZAR MIEJSKI
1,0,0,2014,Dobre warunki atmosferyczne,Najechanie na pieszego,Dobre warunki atmosferyczne,Noc - droga oświetlona,"Parking, plac",EWK-98100881E,21,2014-01-18,Nieokreślone (puste pole),19*40'358,52*33'053,559,Obszar zabudowany,Odcinek prosty,Droga wojewódzka,Jednojezdniowa dwukierunkowa,N,POWIAT PŁOCK,PŁOCK - OBSZAR MIEJSKI
1,1,0,2014,Dobre warunki atmosferyczne,Najechanie na pieszego,Dobre warunki atmosferyczne,Noc - droga oświetlona,Przejście dla pieszych,EWK-98080468Y,17,2014-01-02,Nieokreślone (puste pole),21*10'341,51*24'491,P5329W,Obszar zabudowany,Odcinek prosty,Droga powiatowa,Jednojezdniowa dwukierunkowa,N,POWIAT RADOM,RADOM - OBSZAR MIEJSKI
1,0,2,2014,Dobre warunki atmosferyczne,Najechanie na pieszego,Dobre warunki atmosferyczne,Noc - droga oświetlona,Przejście dla pieszych,EWK-98084935J,18,2014-01-02,Ciężko,21*53'478,52*48'163,P,Obszar zabudowany,Odcinek prosty,Droga powiatowa,Jednojezdniowa dwukierunkowa,N,POWIAT OSTROWSKI,OSTRÓW MAZOWIECKA - OBSZAR MIEJSKI
1,0,1,2014,Dobre warunki atmosferyczne,Najechanie na pieszego,Dobre warunki atmosferyczne,Noc - droga oświetlona,Przejście dla pieszych,EWK-98084935J,18,2014-01-02,Lekko,21*53'478,52*48'163,P,Obszar zabudowany,Odcinek prosty,Droga powiatowa,Jednojezdniowa dwukierunkowa,N,POWIAT OSTROWSKI,OSTRÓW MAZOWIECKA - OBSZAR MIEJSKI
1,0,0,2014,Dobre warunki atmosferyczne,Najechanie na pieszego,Dobre warunki atmosferyczne,Noc - droga oświetlona,Przejście dla pieszych,EWK-98084935J,18,2014-01-02,Nieokreślone (puste pole),21*53'478,52*48'163,P,Obszar zabudowany,Odcinek prosty,Droga powiatowa,Jednojezdniowa dwukierunkowa,N,POWIAT OSTROWSKI,OSTRÓW MAZOWIECKA - OBSZAR MIEJSKI
1,0,1,2014,Dobre warunki atmosferyczne,Najechanie na pieszego,Dobre warunki atmosferyczne,Noc - droga oświetlona,Przejście dla pieszych,EWK-98097302U,17,2014-01-13,Lekko,22*14'378,52*10'060,W628,Obszar zabudowany,Odcinek prosty,Droga wojewódzka,Jednojezdniowa dwukierunkowa,N,POWIAT SIEDLCE,SIEDLCE - OBSZAR MIEJSKI
1,0,0,2014,Dobre warunki atmosferyczne,Najechanie na pieszego,Dobre warunki atmosferyczne,Noc - droga oświetlona,Przejście dla pieszych,EWK-98097302U,17,2014-01-13,Nieokreślone (puste pole),22*14'378,52*10'060,W628,Obszar zabudowany,Odcinek prosty,Droga wojewódzka,Jednojezdniowa dwukierunkowa,N,POWIAT SIEDLCE,SIEDLCE - OBSZAR MIEJSKI
1,0,1,2014,Dobre warunki atmosferyczne,Najechanie na pieszego,Dobre warunki atmosferyczne,Noc - droga oświetlona,Przejście dla pieszych,EWK-98132177N,22,2014-02-16,Lekko,20*48'305,51*49'289,728,Obszar zabudowany,Odcinek prosty,Droga wojewódzka,Jednojezdniowa dwukierunkowa,N,POWIAT GRÓJECKI,BELSK DUŻY - OBSZAR WIEJSKI
1,0,0,2014,Dobre warunki atmosferyczne,Najechanie na pieszego,Dobre warunki atmosferyczne,Noc - droga oświetlona,Przejście dla pieszych,EWK-98132177N,22,2014-02-16,Nieokreślone (puste pole),20*48'305,51*49'289,728,Obszar zabudowany,Odcinek prosty,Droga wojewódzka,Jednojezdniowa dwukierunkowa,N,POWIAT GRÓJECKI,BELSK DUŻY - OBSZAR WIEJSKI
1,0,1,2014,Dobre warunki atmosferyczne,Najechanie na pieszego,Dobre warunki atmosferyczne,Noc - droga oświetlona,Przejście dla pieszych,EWK-98142366W,17,2014-02-24,Lekko,21*32'179,51*35'223,GMINNA,Obszar zabudowany,Odcinek prosty,Droga gminna,Jednojezdniowa dwukierunkowa,N,POWIAT KOZIENICKI,KOZIENICE - OBSZAR MIEJSKI
1,0,0,2014,Dobre warunki atmosferyczne,Najechanie na pieszego,Dobre warunki atmosferyczne,Noc - droga oświetlona,Przejście dla pieszych,EWK-98142366W,17,2014-02-24,Nieokreślone (puste pole),21*32'179,51*35'223,GMINNA,Obszar zabudowany,Odcinek prosty,Droga gminna,Jednojezdniowa dwukierunkowa,N,POWIAT KOZIENICKI,KOZIENICE - OBSZAR MIEJSKI
1,0,1,2014,Dobre warunki atmosferyczne,Najechanie na pieszego,Dobre warunki atmosferyczne,Noc - droga oświetlona,Przejście dla pieszych,EWK-98147244P,22,2014-02-06,Lekko,20*26'119,52*03'256,GMINNA,Obszar zabudowany,,Droga gminna,Jednojezdniowa dwukierunkowa,N,POWIAT ŻYRARDOWSKI,ŻYRARDÓW - OBSZAR MIEJSKI
1,0,0,2014,Dobre warunki atmosferyczne,Najechanie na pieszego,Dobre warunki atmosferyczne,Noc - droga oświetlona,Przejście dla pieszych,EWK-98147244P,22,2014-02-06,Nieokreślone (puste pole),20*26'119,52*03'256,GMINNA,Obszar zabudowany,,Droga gminna,Jednojezdniowa dwukierunkowa,N,POWIAT ŻYRARDOWSKI,ŻYRARDÓW - OBSZAR MIEJSKI
1,0,1,2014,Dobre warunki atmosferyczne,Najechanie na pieszego,Dobre warunki atmosferyczne,Noc - droga oświetlona,Przejście dla pieszych,EWK-98193132W,20,2014-04-08,Lekko,21*32'318,51*35'267,79,Obszar zabudowany,,Droga krajowa,Jednojezdniowa dwukierunkowa,N,POWIAT KOZIENICKI,KOZIENICE - OBSZAR MIEJSKI
1,0,0,2014,Dobre warunki atmosferyczne,Najechanie na pieszego,Dobre warunki atmosferyczne,Noc - droga oświetlona,Przejście dla pieszych,EWK-98193132W,20,2014-04-08,Nieokreślone (puste pole),21*32'318,51*35'267,79,Obszar zabudowany,,Droga krajowa,Jednojezdniowa dwukierunkowa,N,POWIAT KOZIENICKI,KOZIENICE - OBSZAR MIEJSKI
1,0,1,2014,Dobre warunki atmosferyczne,Najechanie na pieszego,Dobre warunki atmosferyczne,Noc - droga oświetlona,Przejście dla pieszych,EWK-98204489L,20,2014-04-21,Ciężko,21*34'439,51*21'275,12,Obszar zabudowany,Odcinek prosty,Droga krajowa,Jednojezdniowa dwukierunkowa,N,POWIAT ZWOLEŃSKI,ZWOLEŃ - OBSZAR MIEJSKI
1,0,0,2014,Dobre warunki atmosferyczne,Najechanie na pieszego,Dobre warunki atmosferyczne,Noc - droga oświetlona,Przejście dla pieszych,EWK-98204489L,20,2014-04-21,Nieokreślone (puste pole),21*34'439,51*21'275,12,Obszar zabudowany,Odcinek prosty,Droga krajowa,Jednojezdniowa dwukierunkowa,N,POWIAT ZWOLEŃSKI,ZWOLEŃ - OBSZAR MIEJSKI
1,0,1,2014,Dobre warunki atmosferyczne,Najechanie na pieszego,Dobre warunki atmosferyczne,Noc - droga oświetlona,Przejście dla pieszych,EWK-98304520G,23,2014-07-06,Ciężko,21*22'521,51*22'423,12,Obszar zabudowany,Odcinek prosty,Droga krajowa,Jednojezdniowa dwukierunkowa,T,POWIAT RADOMSKI,GÓZD - OBSZAR WIEJSKI
1,0,0,2014,Dobre warunki atmosferyczne,Najechanie na pieszego,Dobre warunki atmosferyczne,Noc - droga oświetlona,Przejście dla pieszych,EWK-98304520G,23,2014-07-06,Nieokreślone (puste pole),21*22'521,51*22'423,12,Obszar zabudowany,Odcinek prosty,Droga krajowa,Jednojezdniowa dwukierunkowa,T,POWIAT RADOMSKI,GÓZD - OBSZAR WIEJSKI
1,0,1,2014,Dobre warunki atmosferyczne,Najechanie na pieszego,Dobre warunki atmosferyczne,Noc - droga oświetlona,Przejście dla pieszych,EWK-98308973L,22,2014-07-04,Ciężko,20*22'053,52*37'137,P3078W,Obszar zabudowany,Odcinek prosty,Droga powiatowa,Jednojezdniowa dwukierunkowa,N,POWIAT PŁOŃSKI,PŁOŃSK - OBSZAR MIEJSKI
1,0,0,2014,Dobre warunki atmosferyczne,Najechanie na pieszego,Dobre warunki atmosferyczne,Noc - droga oświetlona,Przejście dla pieszych,EWK-98308973L,22,2014-07-04,Nieokreślone (puste pole),20*22'053,52*37'137,P3078W,Obszar zabudowany,Odcinek prosty,Droga powiatowa,Jednojezdniowa dwukierunkowa,N,POWIAT PŁOŃSKI,PŁOŃSK - OBSZAR MIEJSKI
1,0,1,2014,Dobre warunki atmosferyczne,Najechanie na pieszego,Dobre warunki atmosferyczne,Noc - droga oświetlona,Przejście dla pieszych,EWK-98411956J,19,2014-09-18,Lekko,21*09'358,51*24'428,P5301W,Obszar zabudowany,Odcinek prosty,Droga powiatowa,Dwie jezdnie jednokierunkowe,N,POWIAT RADOM,RADOM - OBSZAR MIEJSKI
1,0,0,2014,Dobre warunki atmosferyczne,Najechanie na pieszego,Dobre warunki atmosferyczne,Noc - droga oświetlona,Przejście dla pieszych,EWK-98411956J,19,2014-09-18,Nieokreślone (puste pole),21*09'358,51*24'428,P5301W,Obszar zabudowany,Odcinek prosty,Droga powiatowa,Dwie jezdnie jednokierunkowe,N,POWIAT RADOM,RADOM - OBSZAR MIEJSKI
1,0,1,2014,Dobre warunki atmosferyczne,Najechanie na pieszego,Dobre warunki atmosferyczne,Noc - droga oświetlona,Przejście dla pieszych,EWK-98625256H,1,2014-10-26,Lekko,21*32'336,51*35'132,48,Obszar zabudowany,Odcinek prosty,Droga krajowa,Jednojezdniowa dwukierunkowa,N,POWIAT KOZIENICKI,KOZIENICE - OBSZAR MIEJSKI
1,0,0,2014,Dobre warunki atmosferyczne,Najechanie na pieszego,Dobre warunki atmosferyczne,Noc - droga oświetlona,Przejście dla pieszych,EWK-98625256H,1,2014-10-26,Nieokreślone (puste pole),21*32'336,51*35'132,48,Obszar zabudowany,Odcinek prosty,Droga krajowa,Jednojezdniowa dwukierunkowa,N,POWIAT KOZIENICKI,KOZIENICE - OBSZAR MIEJSKI
1,0,1,2014,Dobre warunki atmosferyczne,Najechanie na pieszego,Dobre warunki atmosferyczne,Noc - droga oświetlona,Przejście dla pieszych,EWK-98645022L,16,2014-11-13,Lekko,21*09'325,51*22'594,P3539W,Obszar zabudowany,,Droga powiatowa,Dwie jezdnie jednokierunkowe,N,POWIAT RADOM,RADOM - OBSZAR MIEJSKI
1,0,0,2014,Dobre warunki atmosferyczne,Najechanie na pieszego,Dobre warunki atmosferyczne,Noc - droga oświetlona,Przejście dla pieszych,EWK-98645022L,16,2014-11-13,Nieokreślone (puste pole),21*09'325,51*22'594,P3539W,Obszar zabudowany,,Droga powiatowa,Dwie jezdnie jednokierunkowe,N,POWIAT RADOM,RADOM - OBSZAR MIEJSKI
1,0,1,2014,Dobre warunki atmosferyczne,Najechanie na pieszego,Dobre warunki atmosferyczne,Noc - droga oświetlona,Przejście dla pieszych,EWK-98673161A,17,2014-12-08,Lekko,19*40'049,52*33'270,559,Obszar zabudowany,,Droga wojewódzka,Jednojezdniowa dwukierunkowa,N,POWIAT PŁOCK,PŁOCK - OBSZAR MIEJSKI
1,0,0,2014,Dobre warunki atmosferyczne,Najechanie na pieszego,Dobre warunki atmosferyczne,Noc - droga oświetlona,Przejście dla pieszych,EWK-98673161A,17,2014-12-08,Nieokreślone (puste pole),19*40'049,52*33'270,559,Obszar zabudowany,,Droga wojewódzka,Jednojezdniowa dwukierunkowa,N,POWIAT PŁOCK,PŁOCK - OBSZAR MIEJSKI
1,1,0,2014,Dobre warunki atmosferyczne,Najechanie na pieszego,Dobre warunki atmosferyczne,Noc - droga oświetlona,Przejście dla pieszych,EWK-98695320H,16,2014-12-21,Nieokreślone (puste pole),21*28'130,52*36'223,GMINNA,Obszar zabudowany,Odcinek prosty,Droga gminna,Jednojezdniowa dwukierunkowa,N,POWIAT WYSZKOWSKI,WYSZKÓW - OBSZAR MIEJSKI
1,0,1,2014,Dobre warunki atmosferyczne,Najechanie na pieszego,Dobre warunki atmosferyczne,"Zmrok, świt","Chodnik, droga dla pieszych",EWK-98242727G,6,2014-05-20,Ciężko,21*14'226,51*09'404,9,Obszar zabudowany,,Droga krajowa,Jednojezdniowa dwukierunkowa,N,POWIAT RADOMSKI,IŁŻA - OBSZAR MIEJSKI