Liczba wypadków,Liczba zabitych,Liczba rannych,Rok,Warunki atmosferyczne,Rodzaj zdarzenia,Warunki atmosferyczne,Oświetlenie,Charakterystyka miejsca zdarzenia,IDKSIP zdarzenia,Godzina,Dzień,Ranny,GPS x,GPS y,Numer drogi,Obszar,Geometria drogi,Kategoria drogi 1,Rodzaj drogi,Czy w zdarzeniu był sprawca nietrzeźwy,Powiat,Gmina
1,0,0,2014,Dobre warunki atmosferyczne,Najechanie na pieszego,Dobre warunki atmosferyczne,"Zmrok, świt","Chodnik, droga dla pieszych",EWK-98242727G,6,2014-05-20,Nieokreślone (puste pole),21*14'226,51*09'404,9,Obszar zabudowany,,Droga krajowa,Jednojezdniowa dwukierunkowa,N,POWIAT RADOMSKI,IŁŻA - OBSZAR MIEJSKI
1,0,1,2014,Dobre warunki atmosferyczne,Najechanie na pieszego,Dobre warunki atmosferyczne,"Zmrok, świt","Chodnik, droga dla pieszych",EWK-98671703D,6,2014-12-02,Lekko,19*42'063,52*33'021,P,Obszar zabudowany,Odcinek prosty,Droga powiatowa,Jednojezdniowa dwukierunkowa,N,POWIAT PŁOCK,PŁOCK - OBSZAR MIEJSKI
1,0,0,2014,Dobre warunki atmosferyczne,Najechanie na pieszego,Dobre warunki atmosferyczne,"Zmrok, świt","Chodnik, droga dla pieszych",EWK-98671703D,6,2014-12-02,Nieokreślone (puste pole),19*42'063,52*33'021,P,Obszar zabudowany,Odcinek prosty,Droga powiatowa,Jednojezdniowa dwukierunkowa,N,POWIAT PŁOCK,PŁOCK - OBSZAR MIEJSKI
1,0,1,2014,Dobre warunki atmosferyczne,Najechanie na pieszego,Dobre warunki atmosferyczne,"Zmrok, świt",Jezdnia,EWK-98082750Q,16,2014-01-06,Ciężko,21*36'136,51*23'363,79,Obszar niezabudowany,Odcinek prosty,Droga krajowa,Jednojezdniowa dwukierunkowa,T,POWIAT ZWOLEŃSKI,ZWOLEŃ - OBSZAR WIEJSKI
1,0,0,2014,Dobre warunki atmosferyczne,Najechanie na pieszego,Dobre warunki atmosferyczne,"Zmrok, świt",Jezdnia,EWK-98082750Q,16,2014-01-06,Nieokreślone (puste pole),21*36'136,51*23'363,79,Obszar niezabudowany,Odcinek prosty,Droga krajowa,Jednojezdniowa dwukierunkowa,T,POWIAT ZWOLEŃSKI,ZWOLEŃ - OBSZAR WIEJSKI
1,0,1,2014,Dobre warunki atmosferyczne,Najechanie na pieszego,Dobre warunki atmosferyczne,"Zmrok, świt",Jezdnia,EWK-98140299X,18,2014-02-24,Lekko,21*08'111,51*23'434,G530167W,Obszar zabudowany,Odcinek prosty,Droga gminna,Jednojezdniowa dwukierunkowa,N,POWIAT RADOM,RADOM - OBSZAR MIEJSKI
1,0,0,2014,Dobre warunki atmosferyczne,Najechanie na pieszego,Dobre warunki atmosferyczne,"Zmrok, świt",Jezdnia,EWK-98140299X,18,2014-02-24,Nieokreślone (puste pole),21*08'111,51*23'434,G530167W,Obszar zabudowany,Odcinek prosty,Droga gminna,Jednojezdniowa dwukierunkowa,N,POWIAT RADOM,RADOM - OBSZAR MIEJSKI
1,0,1,2014,Dobre warunki atmosferyczne,Najechanie na pieszego,Dobre warunki atmosferyczne,"Zmrok, świt",Jezdnia,EWK-98144662P,18,2014-02-26,Ciężko,21*42'371,52*43'125,8,Obszar niezabudowany,Odcinek prosty,Droga krajowa,Jednojezdniowa dwukierunkowa,N,POWIAT OSTROWSKI,OSTRÓW MAZOWIECKA - OBSZAR WIEJSKI
1,0,0,2014,Dobre warunki atmosferyczne,Najechanie na pieszego,Dobre warunki atmosferyczne,"Zmrok, świt",Jezdnia,EWK-98144662P,18,2014-02-26,Nieokreślone (puste pole),21*42'371,52*43'125,8,Obszar niezabudowany,Odcinek prosty,Droga krajowa,Jednojezdniowa dwukierunkowa,N,POWIAT OSTROWSKI,OSTRÓW MAZOWIECKA - OBSZAR WIEJSKI
1,1,0,2014,Dobre warunki atmosferyczne,Najechanie na pieszego,Dobre warunki atmosferyczne,"Zmrok, świt",Jezdnia,EWK-98156759N,19,2014-03-10,Nieokreślone (puste pole),19*51'408,52*47'536,10,Obszar niezabudowany,Odcinek prosty,Droga krajowa,Jednojezdniowa dwukierunkowa,N,POWIAT SIERPECKI,ZAWIDZ - OBSZAR WIEJSKI
1,1,0,2014,Dobre warunki atmosferyczne,Najechanie na pieszego,Dobre warunki atmosferyczne,"Zmrok, świt",Jezdnia,EWK-98194657R,20,2014-04-12,Nieokreślone (puste pole),20*40'202,53*03'033,544,Obszar zabudowany,Wzniesienie,Droga wojewódzka,Jednojezdniowa dwukierunkowa,T,POWIAT CIECHANOWSKI,GRUDUSK - OBSZAR WIEJSKI
1,0,1,2014,Dobre warunki atmosferyczne,Najechanie na pieszego,Dobre warunki atmosferyczne,"Zmrok, świt",Jezdnia,EWK-98306572K,21,2014-07-06,Lekko,21*15'097,51*18'307,9,Obszar zabudowany,Odcinek prosty,Droga krajowa,Jednojezdniowa dwukierunkowa,N,POWIAT RADOMSKI,SKARYSZEW - OBSZAR WIEJSKI
1,0,0,2014,Dobre warunki atmosferyczne,Najechanie na pieszego,Dobre warunki atmosferyczne,"Zmrok, świt",Jezdnia,EWK-98306572K,21,2014-07-06,Nieokreślone (puste pole),21*15'097,51*18'307,9,Obszar zabudowany,Odcinek prosty,Droga krajowa,Jednojezdniowa dwukierunkowa,N,POWIAT RADOMSKI,SKARYSZEW - OBSZAR WIEJSKI
1,0,1,2014,Dobre warunki atmosferyczne,Najechanie na pieszego,Dobre warunki atmosferyczne,"Zmrok, świt",Jezdnia,EWK-98344326P,21,2014-07-11,Lekko,21*41'273,51*50'357,31329W,Obszar niezabudowany,Odcinek prosty,Droga powiatowa,Jednojezdniowa dwukierunkowa,N,POWIAT GARWOLIŃSKI,GÓRZNO - OBSZAR WIEJSKI
1,0,0,2014,Dobre warunki atmosferyczne,Najechanie na pieszego,Dobre warunki atmosferyczne,"Zmrok, świt",Jezdnia,EWK-98344326P,21,2014-07-11,Nieokreślone (puste pole),21*41'273,51*50'357,31329W,Obszar niezabudowany,Odcinek prosty,Droga powiatowa,Jednojezdniowa dwukierunkowa,N,POWIAT GARWOLIŃSKI,GÓRZNO - OBSZAR WIEJSKI
1,1,0,2014,Dobre warunki atmosferyczne,Najechanie na pieszego,Dobre warunki atmosferyczne,"Zmrok, świt",Jezdnia,EWK-98380556K,20,2014-08-23,Nieokreślone (puste pole),19*26'394,52*23'290,60,Obszar niezabudowany,Odcinek prosty,Droga krajowa,Jednojezdniowa dwukierunkowa,N,POWIAT GOSTYNIŃSKI,GOSTYNIN - OBSZAR WIEJSKI
1,1,0,2014,Dobre warunki atmosferyczne,Najechanie na pieszego,Dobre warunki atmosferyczne,"Zmrok, świt",Jezdnia,EWK-98387144X,4,2014-08-31,Nieokreślone (puste pole),20*55'459,51*42'041,S7,Obszar niezabudowany,Odcinek prosty,Droga krajowa,Ekspresowa,T,POWIAT BIAŁOBRZESKI,PROMNA - OBSZAR WIEJSKI
1,1,0,2014,Dobre warunki atmosferyczne,Najechanie na pieszego,Dobre warunki atmosferyczne,"Zmrok, świt",Jezdnia,EWK-98397006K,20,2014-09-07,Nieokreślone (puste pole),19*38'014,52*54'329,560,Obszar niezabudowany,Odcinek prosty,Droga wojewódzka,Jednojezdniowa dwukierunkowa,N,POWIAT SIERPECKI,SZCZUTOWO - OBSZAR WIEJSKI
1,1,0,2014,Dobre warunki atmosferyczne,Najechanie na pieszego,Dobre warunki atmosferyczne,"Zmrok, świt",Jezdnia,EWK-98425578F,18,2014-09-28,Nieokreślone (puste pole),21*33'058,52*54'005,2572W,Obszar zabudowany,Odcinek prosty,Droga powiatowa,Jednojezdniowa dwukierunkowa,N,POWIAT OSTROŁĘCKI,GOWOROWO - OBSZAR WIEJSKI
1,0,1,2014,Dobre warunki atmosferyczne,Najechanie na pieszego,Dobre warunki atmosferyczne,"Zmrok, świt",Jezdnia,EWK-98455996K,18,2014-10-10,Ciężko,19*38'454,53*05'394,P4612W,Obszar niezabudowany,Odcinek prosty,Droga powiatowa,Jednojezdniowa dwukierunkowa,N,POWIAT ŻUROMIŃSKI,LUBOWIDZ - OBSZAR WIEJSKI
1,0,0,2014,Dobre warunki atmosferyczne,Najechanie na pieszego,Dobre warunki atmosferyczne,"Zmrok, świt",Jezdnia,EWK-98455996K,18,2014-10-10,Nieokreślone (puste pole),19*38'454,53*05'394,P4612W,Obszar niezabudowany,Odcinek prosty,Droga powiatowa,Jednojezdniowa dwukierunkowa,N,POWIAT ŻUROMIŃSKI,LUBOWIDZ - OBSZAR WIEJSKI
1,0,1,2014,Dobre warunki atmosferyczne,Najechanie na pieszego,Dobre warunki atmosferyczne,"Zmrok, świt",Jezdnia,EWK-98618867C,17,2014-10-24,Lekko,21*10'218,51*25'016,G530115W,Obszar zabudowany,Odcinek prosty,Droga gminna,Jednojezdniowa dwukierunkowa,N,POWIAT RADOM,RADOM - OBSZAR MIEJSKI
1,0,0,2014,Dobre warunki atmosferyczne,Najechanie na pieszego,Dobre warunki atmosferyczne,"Zmrok, świt",Jezdnia,EWK-98618867C,17,2014-10-24,Nieokreślone (puste pole),21*10'218,51*25'016,G530115W,Obszar zabudowany,Odcinek prosty,Droga gminna,Jednojezdniowa dwukierunkowa,N,POWIAT RADOM,RADOM - OBSZAR MIEJSKI
1,0,1,2014,Dobre warunki atmosferyczne,Najechanie na pieszego,Dobre warunki atmosferyczne,"Zmrok, świt",Jezdnia,EWK-98638892X,16,2014-11-07,Ciężko,19*56'133,52*22'092,575,Obszar zabudowany,Odcinek prosty,Droga wojewódzka,Jednojezdniowa dwukierunkowa,N,POWIAT PŁOCKI,SŁUBICE - OBSZAR WIEJSKI
1,0,0,2014,Dobre warunki atmosferyczne,Najechanie na pieszego,Dobre warunki atmosferyczne,"Zmrok, świt",Jezdnia,EWK-98638892X,16,2014-11-07,Nieokreślone (puste pole),19*56'133,52*22'092,575,Obszar zabudowany,Odcinek prosty,Droga wojewódzka,Jednojezdniowa dwukierunkowa,N,POWIAT PŁOCKI,SŁUBICE - OBSZAR WIEJSKI
1,0,1,2014,Dobre warunki atmosferyczne,Najechanie na pieszego,Dobre warunki atmosferyczne,"Zmrok, świt",Jezdnia,EWK-98640263T,19,2014-11-11,Ciężko,20*52'405,53*02'000,57,Obszar niezabudowany,Odcinek prosty,Droga krajowa,Jednojezdniowa dwukierunkowa,T,POWIAT PRZASNYSKI,PRZASNYSZ - OBSZAR MIEJSKI
1,0,0,2014,Dobre warunki atmosferyczne,Najechanie na pieszego,Dobre warunki atmosferyczne,"Zmrok, świt",Jezdnia,EWK-98640263T,19,2014-11-11,Nieokreślone (puste pole),20*52'405,53*02'000,57,Obszar niezabudowany,Odcinek prosty,Droga krajowa,Jednojezdniowa dwukierunkowa,T,POWIAT PRZASNYSKI,PRZASNYSZ - OBSZAR MIEJSKI
1,0,1,2014,Dobre warunki atmosferyczne,Najechanie na pieszego,Dobre warunki atmosferyczne,"Zmrok, świt",Jezdnia,EWK-98663263J,22,2014-11-29,Ciężko,20*17'192,52*46'409,7,Obszar niezabudowany,Odcinek prosty,Droga krajowa,Jednojezdniowa dwukierunkowa,T,POWIAT PŁOŃSKI,BABOSZEWO - OBSZAR WIEJSKI
1,0,0,2014,Dobre warunki atmosferyczne,Najechanie na pieszego,Dobre warunki atmosferyczne,"Zmrok, świt",Jezdnia,EWK-98663263J,22,2014-11-29,Nieokreślone (puste pole),20*17'192,52*46'409,7,Obszar niezabudowany,Odcinek prosty,Droga krajowa,Jednojezdniowa dwukierunkowa,T,POWIAT PŁOŃSKI,BABOSZEWO - OBSZAR WIEJSKI
1,0,1,2014,Dobre warunki atmosferyczne,Najechanie na pieszego,Dobre warunki atmosferyczne,"Zmrok, świt",Jezdnia,EWK-98668605C,15,2014-12-02,Lekko,20*26'489,52*03'088,GMINNA,Obszar zabudowany,Odcinek prosty,Droga gminna,Jednojezdniowa dwukierunkowa,N,POWIAT ŻYRARDOWSKI,ŻYRARDÓW - OBSZAR MIEJSKI
1,0,0,2014,Dobre warunki atmosferyczne,Najechanie na pieszego,Dobre warunki atmosferyczne,"Zmrok, świt",Jezdnia,EWK-98668605C,15,2014-12-02,Nieokreślone (puste pole),20*26'489,52*03'088,GMINNA,Obszar zabudowany,Odcinek prosty,Droga gminna,Jednojezdniowa dwukierunkowa,N,POWIAT ŻYRARDOWSKI,ŻYRARDÓW - OBSZAR MIEJSKI
1,0,1,2014,Dobre warunki atmosferyczne,Najechanie na pieszego,Dobre warunki atmosferyczne,"Zmrok, świt",Przejście dla pieszych,EWK-98086538U,15,2014-01-09,Lekko,21*05'310,51*21'504,P3564W,Obszar zabudowany,,Droga powiatowa,Jednojezdniowa dwukierunkowa,N,POWIAT RADOM,RADOM - OBSZAR MIEJSKI
1,0,0,2014,Dobre warunki atmosferyczne,Najechanie na pieszego,Dobre warunki atmosferyczne,"Zmrok, świt",Przejście dla pieszych,EWK-98086538U,15,2014-01-09,Nieokreślone (puste pole),21*05'310,51*21'504,P3564W,Obszar zabudowany,,Droga powiatowa,Jednojezdniowa dwukierunkowa,N,POWIAT RADOM,RADOM - OBSZAR MIEJSKI
1,0,1,2014,Dobre warunki atmosferyczne,Najechanie na pieszego,Dobre warunki atmosferyczne,"Zmrok, świt",Przejście dla pieszych,EWK-98139611P,18,2014-02-21,Ciężko,20*53'233,53*01'308,GMINNA,Obszar zabudowany,Odcinek prosty,Droga gminna,Jednojezdniowa dwukierunkowa,N,POWIAT PRZASNYSKI,PRZASNYSZ - OBSZAR MIEJSKI
1,0,0,2014,Dobre warunki atmosferyczne,Najechanie na pieszego,Dobre warunki atmosferyczne,"Zmrok, świt",Przejście dla pieszych,EWK-98139611P,18,2014-02-21,Nieokreślone (puste pole),20*53'233,53*01'308,GMINNA,Obszar zabudowany,Odcinek prosty,Droga gminna,Jednojezdniowa dwukierunkowa,N,POWIAT PRZASNYSKI,PRZASNYSZ - OBSZAR MIEJSKI
1,0,1,2014,Dobre warunki atmosferyczne,Najechanie na pieszego,Dobre warunki atmosferyczne,"Zmrok, świt",Przejście dla pieszych,EWK-98183772P,5,2014-04-02,Ciężko,19*44'554,52*32'153,62,Obszar zabudowany,Odcinek prosty,Droga krajowa,Dwie jezdnie jednokierunkowe,N,POWIAT PŁOCK,PŁOCK - OBSZAR MIEJSKI
1,0,0,2014,Dobre warunki atmosferyczne,Najechanie na pieszego,Dobre warunki atmosferyczne,"Zmrok, świt",Przejście dla pieszych,EWK-98183772P,5,2014-04-02,Nieokreślone (puste pole),19*44'554,52*32'153,62,Obszar zabudowany,Odcinek prosty,Droga krajowa,Dwie jezdnie jednokierunkowe,N,POWIAT PŁOCK,PŁOCK - OBSZAR MIEJSKI
1,0,1,2014,Dobre warunki atmosferyczne,Najechanie na pieszego,Dobre warunki atmosferyczne,"Zmrok, świt",Przejście dla pieszych,EWK-98403018Q,18,2014-09-10,Lekko,21*08'291,51*23'441,,Obszar zabudowany,Odcinek prosty,Nieokreślone (puste pole),Jednojezdniowa dwukierunkowa,N,POWIAT RADOM,RADOM - OBSZAR MIEJSKI
1,0,0,2014,Dobre warunki atmosferyczne,Najechanie na pieszego,Dobre warunki atmosferyczne,"Zmrok, świt",Przejście dla pieszych,EWK-98403018Q,18,2014-09-10,Nieokreślone (puste pole),21*08'291,51*23'441,,Obszar zabudowany,Odcinek prosty,Nieokreślone (puste pole),Jednojezdniowa dwukierunkowa,N,POWIAT RADOM,RADOM - OBSZAR MIEJSKI
1,0,1,2014,Dobre warunki atmosferyczne,Najechanie na pieszego,Dobre warunki atmosferyczne,"Zmrok, świt",Przejście dla pieszych,EWK-98404977D,5,2014-09-11,Lekko,19*38'584,52*35'209,P,Obszar zabudowany,Odcinek prosty,Droga powiatowa,Jednojezdniowa dwukierunkowa,N,POWIAT PŁOCK,PŁOCK - OBSZAR MIEJSKI
1,0,0,2014,Dobre warunki atmosferyczne,Najechanie na pieszego,Dobre warunki atmosferyczne,"Zmrok, świt",Przejście dla pieszych,EWK-98404977D,5,2014-09-11,Nieokreślone (puste pole),19*38'584,52*35'209,P,Obszar zabudowany,Odcinek prosty,Droga powiatowa,Jednojezdniowa dwukierunkowa,N,POWIAT PŁOCK,PŁOCK - OBSZAR MIEJSKI
1,0,1,2014,Dobre warunki atmosferyczne,Najechanie na pieszego,Dobre warunki atmosferyczne,"Zmrok, świt",Przejście dla pieszych,EWK-98635724G,16,2014-11-06,Lekko,20*15'246,52*13'396,GMINNA,Obszar zabudowany,,Droga gminna,Jednojezdniowa dwukierunkowa,N,POWIAT SOCHACZEWSKI,SOCHACZEW - OBSZAR MIEJSKI
1,0,0,2014,Dobre warunki atmosferyczne,Najechanie na pieszego,Dobre warunki atmosferyczne,"Zmrok, świt",Przejście dla pieszych,EWK-98635724G,16,2014-11-06,Nieokreślone (puste pole),20*15'246,52*13'396,GMINNA,Obszar zabudowany,,Droga gminna,Jednojezdniowa dwukierunkowa,N,POWIAT SOCHACZEWSKI,SOCHACZEW - OBSZAR MIEJSKI
1,0,1,2014,Dobre warunki atmosferyczne,Najechanie na pieszego,Dobre warunki atmosferyczne,"Zmrok, świt",Przejście dla pieszych,EWK-98638937W,17,2014-11-09,Ciężko,19*40'066,52*33'279,559,Obszar zabudowany,,Droga wojewódzka,Dwie jezdnie jednokierunkowe,N,POWIAT PŁOCK,PŁOCK - OBSZAR MIEJSKI
1,0,0,2014,Dobre warunki atmosferyczne,Najechanie na pieszego,Dobre warunki atmosferyczne,"Zmrok, świt",Przejście dla pieszych,EWK-98638937W,17,2014-11-09,Nieokreślone (puste pole),19*40'066,52*33'279,559,Obszar zabudowany,,Droga wojewódzka,Dwie jezdnie jednokierunkowe,N,POWIAT PŁOCK,PŁOCK - OBSZAR MIEJSKI
1,0,1,2014,Dobre warunki atmosferyczne,Najechanie na pieszego,Dobre warunki atmosferyczne,Światło dzienne,"Chodnik, droga dla pieszych",EWK-98150029A,11,2014-03-04,Lekko,19*42'375,52*32'584,P,Obszar zabudowany,Odcinek prosty,Droga powiatowa,Jednojezdniowa dwukierunkowa,N,POWIAT PŁOCK,PŁOCK - OBSZAR MIEJSKI
1,0,0,2014,Dobre warunki atmosferyczne,Najechanie na pieszego,Dobre warunki atmosferyczne,Światło dzienne,"Chodnik, droga dla pieszych",EWK-98150029A,11,2014-03-04,Nieokreślone (puste pole),19*42'375,52*32'584,P,Obszar zabudowany,Odcinek prosty,Droga powiatowa,Jednojezdniowa dwukierunkowa,N,POWIAT PŁOCK,PŁOCK - OBSZAR MIEJSKI
1,0,1,2014,Dobre warunki atmosferyczne,Najechanie na pieszego,Dobre warunki atmosferyczne,Światło dzienne,"Chodnik, droga dla pieszych",EWK-98180936J,11,2014-03-31,Lekko,22*16'249,52*10'117,W628,Obszar zabudowany,Odcinek prosty,Droga wojewódzka,Jednojezdniowa dwukierunkowa,N,POWIAT SIEDLCE,SIEDLCE - OBSZAR MIEJSKI
1,0,0,2014,Dobre warunki atmosferyczne,Najechanie na pieszego,Dobre warunki atmosferyczne,Światło dzienne,"Chodnik, droga dla pieszych",EWK-98180936J,11,2014-03-31,Nieokreślone (puste pole),22*16'249,52*10'117,W628,Obszar zabudowany,Odcinek prosty,Droga wojewódzka,Jednojezdniowa dwukierunkowa,N,POWIAT SIEDLCE,SIEDLCE - OBSZAR MIEJSKI
1,0,1,2014,Dobre warunki atmosferyczne,Najechanie na pieszego,Dobre warunki atmosferyczne,Światło dzienne,"Chodnik, droga dla pieszych",EWK-98194023C,8,2014-04-10,Lekko,21*08'033,51*24'178,P5347W,Obszar zabudowany,,Droga powiatowa,Jednojezdniowa dwukierunkowa,N,POWIAT RADOM,RADOM - OBSZAR MIEJSKI
1,0,0,2014,Dobre warunki atmosferyczne,Najechanie na pieszego,Dobre warunki atmosferyczne,Światło dzienne,"Chodnik, droga dla pieszych",EWK-98194023C,8,2014-04-10,Nieokreślone (puste pole),21*08'033,51*24'178,P5347W,Obszar zabudowany,,Droga powiatowa,Jednojezdniowa dwukierunkowa,N,POWIAT RADOM,RADOM - OBSZAR MIEJSKI
1,0,1,2014,Dobre warunki atmosferyczne,Najechanie na pieszego,Dobre warunki atmosferyczne,Światło dzienne,"Chodnik, droga dla pieszych",EWK-98223345H,15,2014-05-06,Lekko,21*08'520,51*24'072,P5347W,Obszar zabudowany,Odcinek prosty,Droga powiatowa,Jednokierunkowa,N,POWIAT RADOM,RADOM - OBSZAR MIEJSKI
1,0,0,2014,Dobre warunki atmosferyczne,Najechanie na pieszego,Dobre warunki atmosferyczne,Światło dzienne,"Chodnik, droga dla pieszych",EWK-98223345H,15,2014-05-06,Nieokreślone (puste pole),21*08'520,51*24'072,P5347W,Obszar zabudowany,Odcinek prosty,Droga powiatowa,Jednokierunkowa,N,POWIAT RADOM,RADOM - OBSZAR MIEJSKI
1,0,1,2014,Dobre warunki atmosferyczne,Najechanie na pieszego,Dobre warunki atmosferyczne,Światło dzienne,"Chodnik, droga dla pieszych",EWK-98246420L,17,2014-05-23,Lekko,19*39'470,52*51'256,GMINNA,Obszar zabudowany,Odcinek prosty,Droga gminna,Jednojezdniowa dwukierunkowa,N,POWIAT SIERPECKI,SZCZUTOWO - OBSZAR WIEJSKI
1,0,0,2014,Dobre warunki atmosferyczne,Najechanie na pieszego,Dobre warunki atmosferyczne,Światło dzienne,"Chodnik, droga dla pieszych",EWK-98246420L,17,2014-05-23,Nieokreślone (puste pole),19*39'470,52*51'256,GMINNA,Obszar zabudowany,Odcinek prosty,Droga gminna,Jednojezdniowa dwukierunkowa,N,POWIAT SIERPECKI,SZCZUTOWO - OBSZAR WIEJSKI
1,0,1,2014,Dobre warunki atmosferyczne,Najechanie na pieszego,Dobre warunki atmosferyczne,Światło dzienne,"Chodnik, droga dla pieszych",EWK-98257641U,10,2014-05-20,Ciężko,21*33'467,52*54'057,4403W,Obszar zabudowany,,Droga powiatowa,Jednojezdniowa dwukierunkowa,N,POWIAT OSTROŁĘCKI,GOWOROWO - OBSZAR WIEJSKI
1,0,0,2014,Dobre warunki atmosferyczne,Najechanie na pieszego,Dobre warunki atmosferyczne,Światło dzienne,"Chodnik, droga dla pieszych",EWK-98257641U,10,2014-05-20,Nieokreślone (puste pole),21*33'467,52*54'057,4403W,Obszar zabudowany,,Droga powiatowa,Jednojezdniowa dwukierunkowa,N,POWIAT OSTROŁĘCKI,GOWOROWO - OBSZAR WIEJSKI
1,0,1,2014,Dobre warunki atmosferyczne,Najechanie na pieszego,Dobre warunki atmosferyczne,Światło dzienne,"Chodnik, droga dla pieszych",EWK-98272929Y,14,2014-06-12,Lekko,21*09'095,51*23'575,P5301W,Obszar zabudowany,Odcinek prosty,Droga powiatowa,Jednojezdniowa dwukierunkowa,N,POWIAT RADOM,RADOM - OBSZAR MIEJSKI
1,0,0,2014,Dobre warunki atmosferyczne,Najechanie na pieszego,Dobre warunki atmosferyczne,Światło dzienne,"Chodnik, droga dla pieszych",EWK-98272929Y,14,2014-06-12,Nieokreślone (puste pole),21*09'095,51*23'575,P5301W,Obszar zabudowany,Odcinek prosty,Droga powiatowa,Jednojezdniowa dwukierunkowa,N,POWIAT RADOM,RADOM - OBSZAR MIEJSKI
1,0,1,2014,Dobre warunki atmosferyczne,Najechanie na pieszego,Dobre warunki atmosferyczne,Światło dzienne,"Chodnik, droga dla pieszych",EWK-98319421D,19,2014-07-13,Lekko,21*53'279,52*47'500,GMINNA,Obszar zabudowany,Odcinek prosty,Droga gminna,Jednojezdniowa dwukierunkowa,N,POWIAT OSTROWSKI,OSTRÓW MAZOWIECKA - OBSZAR MIEJSKI
1,0,0,2014,Dobre warunki atmosferyczne,Najechanie na pieszego,Dobre warunki atmosferyczne,Światło dzienne,"Chodnik, droga dla pieszych",EWK-98319421D,19,2014-07-13,Nieokreślone (puste pole),21*53'279,52*47'500,GMINNA,Obszar zabudowany,Odcinek prosty,Droga gminna,Jednojezdniowa dwukierunkowa,N,POWIAT OSTROWSKI,OSTRÓW MAZOWIECKA - OBSZAR MIEJSKI
1,0,1,2014,Dobre warunki atmosferyczne,Najechanie na pieszego,Dobre warunki atmosferyczne,Światło dzienne,"Chodnik, droga dla pieszych",EWK-98387638W,11,2014-08-29,Lekko,21*33'522,53*04'237,G510161W,Obszar zabudowany,Odcinek prosty,Droga gminna,Jednojezdniowa dwukierunkowa,N,POWIAT OSTROŁĘKA,OSTROŁĘKA - OBSZAR MIEJSKI
1,0,0,2014,Dobre warunki atmosferyczne,Najechanie na pieszego,Dobre warunki atmosferyczne,Światło dzienne,"Chodnik, droga dla pieszych",EWK-98387638W,11,2014-08-29,Nieokreślone (puste pole),21*33'522,53*04'237,G510161W,Obszar zabudowany,Odcinek prosty,Droga gminna,Jednojezdniowa dwukierunkowa,N,POWIAT OSTROŁĘKA,OSTROŁĘKA - OBSZAR MIEJSKI
1,0,1,2014,Dobre warunki atmosferyczne,Najechanie na pieszego,Dobre warunki atmosferyczne,Światło dzienne,"Chodnik, droga dla pieszych",EWK-98413819Q,7,2014-09-18,Lekko,19*45'448,52*30'553,P,Obszar zabudowany,Odcinek prosty,Droga powiatowa,Jednojezdniowa dwukierunkowa,N,POWIAT PŁOCK,PŁOCK - OBSZAR MIEJSKI
1,0,0,2014,Dobre warunki atmosferyczne,Najechanie na pieszego,Dobre warunki atmosferyczne,Światło dzienne,"Chodnik, droga dla pieszych",EWK-98413819Q,7,2014-09-18,Nieokreślone (puste pole),19*45'448,52*30'553,P,Obszar zabudowany,Odcinek prosty,Droga powiatowa,Jednojezdniowa dwukierunkowa,N,POWIAT PŁOCK,PŁOCK - OBSZAR MIEJSKI
1,0,1,2014,Dobre warunki atmosferyczne,Najechanie na pieszego,Dobre warunki atmosferyczne,Światło dzienne,Jezdnia,EWK-98087631L,11,2014-01-10,Lekko,21*35'122,53*04'477,P5102W,Obszar zabudowany,Odcinek prosty,Droga powiatowa,Dwie jezdnie jednokierunkowe,N,POWIAT OSTROŁĘKA,OSTROŁĘKA - OBSZAR MIEJSKI
1,0,0,2014,Dobre warunki atmosferyczne,Najechanie na pieszego,Dobre warunki atmosferyczne,Światło dzienne,Jezdnia,EWK-98087631L,11,2014-01-10,Nieokreślone (puste pole),21*35'122,53*04'477,P5102W,Obszar zabudowany,Odcinek prosty,Droga powiatowa,Dwie jezdnie jednokierunkowe,N,POWIAT OSTROŁĘKA,OSTROŁĘKA - OBSZAR MIEJSKI
1,0,1,2014,Dobre warunki atmosferyczne,Najechanie na pieszego,Dobre warunki atmosferyczne,Światło dzienne,Jezdnia,EWK-98108795C,10,2014-01-24,Ciężko,19*50'202,53*07'208,,Obszar zabudowany,"Zakręt, łuk",Nieokreślone (puste pole),Jednojezdniowa dwukierunkowa,N,POWIAT ŻUROMIŃSKI,LUBOWIDZ - OBSZAR WIEJSKI
1,0,0,2014,Dobre warunki atmosferyczne,Najechanie na pieszego,Dobre warunki atmosferyczne,Światło dzienne,Jezdnia,EWK-98108795C,10,2014-01-24,Nieokreślone (puste pole),19*50'202,53*07'208,,Obszar zabudowany,"Zakręt, łuk",Nieokreślone (puste pole),Jednojezdniowa dwukierunkowa,N,POWIAT ŻUROMIŃSKI,LUBOWIDZ - OBSZAR WIEJSKI