Liczba wypadków,Liczba zabitych,Liczba rannych,Rok,Warunki atmosferyczne,Rodzaj zdarzenia,Warunki atmosferyczne,Oświetlenie,Charakterystyka miejsca zdarzenia,IDKSIP zdarzenia,Godzina,Dzień,Ranny,GPS x,GPS y,Numer drogi,Obszar,Geometria drogi,Kategoria drogi 1,Rodzaj drogi,Czy w zdarzeniu był sprawca nietrzeźwy,Powiat,Gmina
1,0,1,2014,Dobre warunki atmosferyczne,Najechanie na pieszego,Dobre warunki atmosferyczne,Światło dzienne,Jezdnia,EWK-98395540N,12,2014-09-01,Lekko,19*41'443,52*32'561,60,Obszar zabudowany,Odcinek prosty,Droga krajowa,Jednokierunkowa,N,POWIAT PŁOCK,PŁOCK - OBSZAR MIEJSKI
1,0,0,2014,Dobre warunki atmosferyczne,Najechanie na pieszego,Dobre warunki atmosferyczne,Światło dzienne,Jezdnia,EWK-98395540N,12,2014-09-01,Nieokreślone (puste pole),19*41'443,52*32'561,60,Obszar zabudowany,Odcinek prosty,Droga krajowa,Jednokierunkowa,N,POWIAT PŁOCK,PŁOCK - OBSZAR MIEJSKI
1,0,1,2014,Dobre warunki atmosferyczne,Najechanie na pieszego,Dobre warunki atmosferyczne,Światło dzienne,Jezdnia,EWK-98395547U,11,2014-09-02,Lekko,19*45'375,52*32'394,GMINNA,Obszar zabudowany,Odcinek prosty,Droga gminna,Jednojezdniowa dwukierunkowa,N,POWIAT PŁOCK,PŁOCK - OBSZAR MIEJSKI
1,0,0,2014,Dobre warunki atmosferyczne,Najechanie na pieszego,Dobre warunki atmosferyczne,Światło dzienne,Jezdnia,EWK-98395547U,11,2014-09-02,Nieokreślone (puste pole),19*45'375,52*32'394,GMINNA,Obszar zabudowany,Odcinek prosty,Droga gminna,Jednojezdniowa dwukierunkowa,N,POWIAT PŁOCK,PŁOCK - OBSZAR MIEJSKI
1,0,1,2014,Dobre warunki atmosferyczne,Najechanie na pieszego,Dobre warunki atmosferyczne,Światło dzienne,Jezdnia,EWK-98400289D,17,2014-09-08,Lekko,21*26'307,51*28'451,G,Obszar zabudowany,Odcinek prosty,Nieokreślone (puste pole),Jednojezdniowa dwukierunkowa,N,POWIAT RADOMSKI,PIONKI - OBSZAR MIEJSKI
1,0,0,2014,Dobre warunki atmosferyczne,Najechanie na pieszego,Dobre warunki atmosferyczne,Światło dzienne,Jezdnia,EWK-98400289D,17,2014-09-08,Nieokreślone (puste pole),21*26'307,51*28'451,G,Obszar zabudowany,Odcinek prosty,Nieokreślone (puste pole),Jednojezdniowa dwukierunkowa,N,POWIAT RADOMSKI,PIONKI - OBSZAR MIEJSKI
1,0,1,2014,Dobre warunki atmosferyczne,Najechanie na pieszego,Dobre warunki atmosferyczne,Światło dzienne,Jezdnia,EWK-98401340C,13,2014-09-08,Ciężko,22*10'418,52*48'050,GMINNA,Obszar niezabudowany,Odcinek prosty,Droga gminna,Jednojezdniowa dwukierunkowa,N,POWIAT OSTROWSKI,ANDRZEJEWO - OBSZAR WIEJSKI
1,0,0,2014,Dobre warunki atmosferyczne,Najechanie na pieszego,Dobre warunki atmosferyczne,Światło dzienne,Jezdnia,EWK-98401340C,13,2014-09-08,Nieokreślone (puste pole),22*10'418,52*48'050,GMINNA,Obszar niezabudowany,Odcinek prosty,Droga gminna,Jednojezdniowa dwukierunkowa,N,POWIAT OSTROWSKI,ANDRZEJEWO - OBSZAR WIEJSKI
1,0,1,2014,Dobre warunki atmosferyczne,Najechanie na pieszego,Dobre warunki atmosferyczne,Światło dzienne,Jezdnia,EWK-98405529D,7,2014-09-11,Lekko,20*27'463,53*07'041,P,Obszar zabudowany,Odcinek prosty,Droga powiatowa,Jednojezdniowa dwukierunkowa,N,POWIAT MŁAWSKI,SZYDŁOWO - OBSZAR WIEJSKI
1,0,0,2014,Dobre warunki atmosferyczne,Najechanie na pieszego,Dobre warunki atmosferyczne,Światło dzienne,Jezdnia,EWK-98405529D,7,2014-09-11,Nieokreślone (puste pole),20*27'463,53*07'041,P,Obszar zabudowany,Odcinek prosty,Droga powiatowa,Jednojezdniowa dwukierunkowa,N,POWIAT MŁAWSKI,SZYDŁOWO - OBSZAR WIEJSKI
1,0,1,2014,Dobre warunki atmosferyczne,Najechanie na pieszego,Dobre warunki atmosferyczne,Światło dzienne,Jezdnia,EWK-98408365Q,11,2014-09-03,Lekko,19*46'545,52*22'492,577,Obszar zabudowany,,Droga wojewódzka,Jednojezdniowa dwukierunkowa,N,POWIAT PŁOCKI,GĄBIN - OBSZAR WIEJSKI
1,0,0,2014,Dobre warunki atmosferyczne,Najechanie na pieszego,Dobre warunki atmosferyczne,Światło dzienne,Jezdnia,EWK-98408365Q,11,2014-09-03,Nieokreślone (puste pole),19*46'545,52*22'492,577,Obszar zabudowany,,Droga wojewódzka,Jednojezdniowa dwukierunkowa,N,POWIAT PŁOCKI,GĄBIN - OBSZAR WIEJSKI
1,0,1,2014,Dobre warunki atmosferyczne,Najechanie na pieszego,Dobre warunki atmosferyczne,Światło dzienne,Jezdnia,EWK-98409216K,16,2014-09-17,Ciężko,19*27'302,52*25'277,G140157W,Obszar zabudowany,,Droga gminna,Jednojezdniowa dwukierunkowa,N,POWIAT GOSTYNIŃSKI,GOSTYNIN - OBSZAR MIEJSKI
1,0,0,2014,Dobre warunki atmosferyczne,Najechanie na pieszego,Dobre warunki atmosferyczne,Światło dzienne,Jezdnia,EWK-98409216K,16,2014-09-17,Nieokreślone (puste pole),19*27'302,52*25'277,G140157W,Obszar zabudowany,,Droga gminna,Jednojezdniowa dwukierunkowa,N,POWIAT GOSTYNIŃSKI,GOSTYNIN - OBSZAR MIEJSKI
1,0,1,2014,Dobre warunki atmosferyczne,Najechanie na pieszego,Dobre warunki atmosferyczne,Światło dzienne,Jezdnia,EWK-98420801L,14,2014-09-24,Lekko,19*45'433,52*34'015,P2938W,Obszar zabudowany,Odcinek prosty,Droga powiatowa,Jednojezdniowa dwukierunkowa,N,POWIAT PŁOCKI,RADZANOWO - OBSZAR WIEJSKI
1,0,0,2014,Dobre warunki atmosferyczne,Najechanie na pieszego,Dobre warunki atmosferyczne,Światło dzienne,Jezdnia,EWK-98420801L,14,2014-09-24,Nieokreślone (puste pole),19*45'433,52*34'015,P2938W,Obszar zabudowany,Odcinek prosty,Droga powiatowa,Jednojezdniowa dwukierunkowa,N,POWIAT PŁOCKI,RADZANOWO - OBSZAR WIEJSKI
1,0,1,2014,Dobre warunki atmosferyczne,Najechanie na pieszego,Dobre warunki atmosferyczne,Światło dzienne,Jezdnia,EWK-98421562J,17,2014-09-24,Lekko,20*55'262,51*24'302,34367W,Obszar zabudowany,Odcinek prosty,Droga powiatowa,Jednojezdniowa dwukierunkowa,T,POWIAT RADOMSKI,WOLANÓW - OBSZAR WIEJSKI
1,0,0,2014,Dobre warunki atmosferyczne,Najechanie na pieszego,Dobre warunki atmosferyczne,Światło dzienne,Jezdnia,EWK-98421562J,17,2014-09-24,Nieokreślone (puste pole),20*55'262,51*24'302,34367W,Obszar zabudowany,Odcinek prosty,Droga powiatowa,Jednojezdniowa dwukierunkowa,T,POWIAT RADOMSKI,WOLANÓW - OBSZAR WIEJSKI
1,0,1,2014,Dobre warunki atmosferyczne,Najechanie na pieszego,Dobre warunki atmosferyczne,Światło dzienne,Jezdnia,EWK-98421579T,13,2014-09-24,Ciężko,21*08'548,51*24'249,P5302W,Obszar zabudowany,Odcinek prosty,Droga powiatowa,Jednojezdniowa dwukierunkowa,N,POWIAT RADOM,RADOM - OBSZAR MIEJSKI
1,0,0,2014,Dobre warunki atmosferyczne,Najechanie na pieszego,Dobre warunki atmosferyczne,Światło dzienne,Jezdnia,EWK-98421579T,13,2014-09-24,Nieokreślone (puste pole),21*08'548,51*24'249,P5302W,Obszar zabudowany,Odcinek prosty,Droga powiatowa,Jednojezdniowa dwukierunkowa,N,POWIAT RADOM,RADOM - OBSZAR MIEJSKI
1,0,1,2014,Dobre warunki atmosferyczne,Najechanie na pieszego,Dobre warunki atmosferyczne,Światło dzienne,Jezdnia,EWK-98425942G,15,2014-09-29,Lekko,20*59'373,51*15'582,G400202W,Obszar zabudowany,Odcinek prosty,Droga gminna,Jednojezdniowa dwukierunkowa,N,POWIAT SZYDŁOWIECKI,JASTRZĄB - OBSZAR WIEJSKI
1,0,0,2014,Dobre warunki atmosferyczne,Najechanie na pieszego,Dobre warunki atmosferyczne,Światło dzienne,Jezdnia,EWK-98425942G,15,2014-09-29,Nieokreślone (puste pole),20*59'373,51*15'582,G400202W,Obszar zabudowany,Odcinek prosty,Droga gminna,Jednojezdniowa dwukierunkowa,N,POWIAT SZYDŁOWIECKI,JASTRZĄB - OBSZAR WIEJSKI
1,0,1,2014,Dobre warunki atmosferyczne,Najechanie na pieszego,Dobre warunki atmosferyczne,Światło dzienne,Jezdnia,EWK-98441599Y,16,2014-10-02,Lekko,21*05'038,52*42'584,61,Obszar zabudowany,,Droga krajowa,Jednojezdniowa dwukierunkowa,N,POWIAT PUŁTUSKI,PUŁTUSK - OBSZAR MIEJSKI
1,0,0,2014,Dobre warunki atmosferyczne,Najechanie na pieszego,Dobre warunki atmosferyczne,Światło dzienne,Jezdnia,EWK-98441599Y,16,2014-10-02,Nieokreślone (puste pole),21*05'038,52*42'584,61,Obszar zabudowany,,Droga krajowa,Jednojezdniowa dwukierunkowa,N,POWIAT PUŁTUSKI,PUŁTUSK - OBSZAR MIEJSKI
1,0,1,2014,Dobre warunki atmosferyczne,Najechanie na pieszego,Dobre warunki atmosferyczne,Światło dzienne,Jezdnia,EWK-98442285X,11,2014-10-01,Lekko,21*07'388,52*50'142,G211008W,Obszar niezabudowany,Odcinek prosty,Droga gminna,Jednojezdniowa dwukierunkowa,N,POWIAT MAKOWSKI,SZELKÓW - OBSZAR WIEJSKI
1,0,0,2014,Dobre warunki atmosferyczne,Najechanie na pieszego,Dobre warunki atmosferyczne,Światło dzienne,Jezdnia,EWK-98442285X,11,2014-10-01,Nieokreślone (puste pole),21*07'388,52*50'142,G211008W,Obszar niezabudowany,Odcinek prosty,Droga gminna,Jednojezdniowa dwukierunkowa,N,POWIAT MAKOWSKI,SZELKÓW - OBSZAR WIEJSKI
1,0,1,2014,Dobre warunki atmosferyczne,Najechanie na pieszego,Dobre warunki atmosferyczne,Światło dzienne,Jezdnia,EWK-98450994K,13,2014-10-08,Lekko,21*30'083,51*20'162,,Obszar zabudowany,Odcinek prosty,Nieokreślone (puste pole),Jednojezdniowa dwukierunkowa,N,POWIAT ZWOLEŃSKI,TCZÓW - OBSZAR WIEJSKI
1,0,0,2014,Dobre warunki atmosferyczne,Najechanie na pieszego,Dobre warunki atmosferyczne,Światło dzienne,Jezdnia,EWK-98450994K,13,2014-10-08,Nieokreślone (puste pole),21*30'083,51*20'162,,Obszar zabudowany,Odcinek prosty,Nieokreślone (puste pole),Jednojezdniowa dwukierunkowa,N,POWIAT ZWOLEŃSKI,TCZÓW - OBSZAR WIEJSKI
1,0,1,2014,Dobre warunki atmosferyczne,Najechanie na pieszego,Dobre warunki atmosferyczne,Światło dzienne,Jezdnia,EWK-98453376E,16,2014-10-09,Lekko,21*07'164,51*23'313,G530075W,Obszar zabudowany,,Droga gminna,Jednojezdniowa dwukierunkowa,N,POWIAT RADOM,RADOM - OBSZAR MIEJSKI
1,0,0,2014,Dobre warunki atmosferyczne,Najechanie na pieszego,Dobre warunki atmosferyczne,Światło dzienne,Jezdnia,EWK-98453376E,16,2014-10-09,Nieokreślone (puste pole),21*07'164,51*23'313,G530075W,Obszar zabudowany,,Droga gminna,Jednojezdniowa dwukierunkowa,N,POWIAT RADOM,RADOM - OBSZAR MIEJSKI
1,1,0,2014,Dobre warunki atmosferyczne,Najechanie na pieszego,Dobre warunki atmosferyczne,Światło dzienne,Jezdnia,EWK-98454886X,15,2014-10-13,Nieokreślone (puste pole),21*16'565,51*13'321,P3544W,Obszar zabudowany,Odcinek prosty,Droga powiatowa,Jednojezdniowa dwukierunkowa,N,POWIAT RADOMSKI,IŁŻA - OBSZAR WIEJSKI
1,0,1,2014,Dobre warunki atmosferyczne,Najechanie na pieszego,Dobre warunki atmosferyczne,Światło dzienne,Jezdnia,EWK-98454937R,8,2014-10-10,Lekko,21*11'109,51*23'573,P3528W,Obszar zabudowany,Odcinek prosty,Droga powiatowa,Jednojezdniowa dwukierunkowa,N,POWIAT RADOM,RADOM - OBSZAR MIEJSKI
1,0,0,2014,Dobre warunki atmosferyczne,Najechanie na pieszego,Dobre warunki atmosferyczne,Światło dzienne,Jezdnia,EWK-98454937R,8,2014-10-10,Nieokreślone (puste pole),21*11'109,51*23'573,P3528W,Obszar zabudowany,Odcinek prosty,Droga powiatowa,Jednojezdniowa dwukierunkowa,N,POWIAT RADOM,RADOM - OBSZAR MIEJSKI
1,1,0,2014,Dobre warunki atmosferyczne,Najechanie na pieszego,Dobre warunki atmosferyczne,Światło dzienne,Jezdnia,EWK-98455496C,19,2014-10-12,Nieokreślone (puste pole),21*24'291,52*31'119,8,Obszar niezabudowany,Odcinek prosty,Droga krajowa,Ekspresowa,N,POWIAT WYSZKOWSKI,ZABRODZIE - OBSZAR WIEJSKI
1,0,1,2014,Dobre warunki atmosferyczne,Najechanie na pieszego,Dobre warunki atmosferyczne,Światło dzienne,Jezdnia,EWK-98457550W,15,2014-10-13,Lekko,21*09'266,51*23'050,G530034W,Obszar zabudowany,Odcinek prosty,Droga gminna,Jednojezdniowa dwukierunkowa,N,POWIAT RADOM,RADOM - OBSZAR MIEJSKI
1,0,0,2014,Dobre warunki atmosferyczne,Najechanie na pieszego,Dobre warunki atmosferyczne,Światło dzienne,Jezdnia,EWK-98457550W,15,2014-10-13,Nieokreślone (puste pole),21*09'266,51*23'050,G530034W,Obszar zabudowany,Odcinek prosty,Droga gminna,Jednojezdniowa dwukierunkowa,N,POWIAT RADOM,RADOM - OBSZAR MIEJSKI
1,0,1,2014,Dobre warunki atmosferyczne,Najechanie na pieszego,Dobre warunki atmosferyczne,Światło dzienne,Jezdnia,EWK-98461867M,8,2014-10-16,Lekko,20*53'197,53*01'261,GMINNA,Obszar zabudowany,,Droga gminna,Jednojezdniowa dwukierunkowa,N,POWIAT PRZASNYSKI,PRZASNYSZ - OBSZAR MIEJSKI
1,0,0,2014,Dobre warunki atmosferyczne,Najechanie na pieszego,Dobre warunki atmosferyczne,Światło dzienne,Jezdnia,EWK-98461867M,8,2014-10-16,Nieokreślone (puste pole),20*53'197,53*01'261,GMINNA,Obszar zabudowany,,Droga gminna,Jednojezdniowa dwukierunkowa,N,POWIAT PRZASNYSKI,PRZASNYSZ - OBSZAR MIEJSKI
1,0,1,2014,Dobre warunki atmosferyczne,Najechanie na pieszego,Dobre warunki atmosferyczne,Światło dzienne,Jezdnia,EWK-98464487K,11,2014-10-15,Lekko,19*40'595,52*33'103,P,Obszar zabudowany,Odcinek prosty,Droga powiatowa,Jednojezdniowa dwukierunkowa,T,POWIAT PŁOCK,PŁOCK - OBSZAR MIEJSKI
1,0,0,2014,Dobre warunki atmosferyczne,Najechanie na pieszego,Dobre warunki atmosferyczne,Światło dzienne,Jezdnia,EWK-98464487K,11,2014-10-15,Nieokreślone (puste pole),19*40'595,52*33'103,P,Obszar zabudowany,Odcinek prosty,Droga powiatowa,Jednojezdniowa dwukierunkowa,T,POWIAT PŁOCK,PŁOCK - OBSZAR MIEJSKI
1,0,1,2014,Dobre warunki atmosferyczne,Najechanie na pieszego,Dobre warunki atmosferyczne,Światło dzienne,Jezdnia,EWK-98476332M,14,2014-10-16,Lekko,21*26'133,51*19'008,GMINNA,Obszar zabudowany,Odcinek prosty,Droga gminna,Jednojezdniowa dwukierunkowa,N,POWIAT ZWOLEŃSKI,TCZÓW - OBSZAR WIEJSKI
1,0,0,2014,Dobre warunki atmosferyczne,Najechanie na pieszego,Dobre warunki atmosferyczne,Światło dzienne,Jezdnia,EWK-98476332M,14,2014-10-16,Nieokreślone (puste pole),21*26'133,51*19'008,GMINNA,Obszar zabudowany,Odcinek prosty,Droga gminna,Jednojezdniowa dwukierunkowa,N,POWIAT ZWOLEŃSKI,TCZÓW - OBSZAR WIEJSKI
1,0,1,2014,Dobre warunki atmosferyczne,Najechanie na pieszego,Dobre warunki atmosferyczne,Światło dzienne,Jezdnia,EWK-98481720K,12,2014-10-19,Lekko,21*09'442,51*23'020,12,Obszar zabudowany,,Droga krajowa,Dwie jezdnie jednokierunkowe,T,POWIAT RADOM,RADOM - OBSZAR MIEJSKI
1,0,0,2014,Dobre warunki atmosferyczne,Najechanie na pieszego,Dobre warunki atmosferyczne,Światło dzienne,Jezdnia,EWK-98481720K,12,2014-10-19,Nieokreślone (puste pole),21*09'442,51*23'020,12,Obszar zabudowany,,Droga krajowa,Dwie jezdnie jednokierunkowe,T,POWIAT RADOM,RADOM - OBSZAR MIEJSKI
1,0,1,2014,Dobre warunki atmosferyczne,Najechanie na pieszego,Dobre warunki atmosferyczne,Światło dzienne,Jezdnia,EWK-98630425K,10,2014-10-30,Lekko,20*57'053,51*38'589,P1121W,Obszar zabudowany,Odcinek prosty,Droga powiatowa,Jednojezdniowa dwukierunkowa,N,POWIAT BIAŁOBRZESKI,BIAŁOBRZEGI - OBSZAR MIEJSKI
1,0,0,2014,Dobre warunki atmosferyczne,Najechanie na pieszego,Dobre warunki atmosferyczne,Światło dzienne,Jezdnia,EWK-98630425K,10,2014-10-30,Nieokreślone (puste pole),20*57'053,51*38'589,P1121W,Obszar zabudowany,Odcinek prosty,Droga powiatowa,Jednojezdniowa dwukierunkowa,N,POWIAT BIAŁOBRZESKI,BIAŁOBRZEGI - OBSZAR MIEJSKI
1,0,1,2014,Dobre warunki atmosferyczne,Najechanie na pieszego,Dobre warunki atmosferyczne,Światło dzienne,Jezdnia,EWK-98630907E,10,2014-10-10,Ciężko,21*35'172,51*56'526,805,Obszar zabudowany,,Droga wojewódzka,Jednojezdniowa dwukierunkowa,N,POWIAT GARWOLIŃSKI,PILAWA - OBSZAR WIEJSKI
1,0,0,2014,Dobre warunki atmosferyczne,Najechanie na pieszego,Dobre warunki atmosferyczne,Światło dzienne,Jezdnia,EWK-98630907E,10,2014-10-10,Nieokreślone (puste pole),21*35'172,51*56'526,805,Obszar zabudowany,,Droga wojewódzka,Jednojezdniowa dwukierunkowa,N,POWIAT GARWOLIŃSKI,PILAWA - OBSZAR WIEJSKI
1,0,1,2014,Dobre warunki atmosferyczne,Najechanie na pieszego,Dobre warunki atmosferyczne,Światło dzienne,Jezdnia,EWK-98632398D,15,2014-11-05,Lekko,19*44'500,52*32'286,GMINNA,Obszar zabudowany,,Droga gminna,Jednojezdniowa dwukierunkowa,N,POWIAT PŁOCK,PŁOCK - OBSZAR MIEJSKI
1,0,0,2014,Dobre warunki atmosferyczne,Najechanie na pieszego,Dobre warunki atmosferyczne,Światło dzienne,Jezdnia,EWK-98632398D,15,2014-11-05,Nieokreślone (puste pole),19*44'500,52*32'286,GMINNA,Obszar zabudowany,,Droga gminna,Jednojezdniowa dwukierunkowa,N,POWIAT PŁOCK,PŁOCK - OBSZAR MIEJSKI
1,0,1,2014,Dobre warunki atmosferyczne,Najechanie na pieszego,Dobre warunki atmosferyczne,Światło dzienne,Jezdnia,EWK-98666718R,7,2014-12-02,Lekko,20*53'040,53*00'574,3238W,Obszar zabudowany,,Droga powiatowa,Jednojezdniowa dwukierunkowa,N,POWIAT PRZASNYSKI,PRZASNYSZ - OBSZAR MIEJSKI
1,0,0,2014,Dobre warunki atmosferyczne,Najechanie na pieszego,Dobre warunki atmosferyczne,Światło dzienne,Jezdnia,EWK-98666718R,7,2014-12-02,Nieokreślone (puste pole),20*53'040,53*00'574,3238W,Obszar zabudowany,,Droga powiatowa,Jednojezdniowa dwukierunkowa,N,POWIAT PRZASNYSKI,PRZASNYSZ - OBSZAR MIEJSKI
1,0,1,2014,Dobre warunki atmosferyczne,Najechanie na pieszego,Dobre warunki atmosferyczne,Światło dzienne,"Parking, plac",EWK-98210006M,7,2014-04-24,Lekko,19*41'521,52*32'297,P,Obszar zabudowany,Odcinek prosty,Droga powiatowa,Jednojezdniowa dwukierunkowa,N,POWIAT PŁOCK,PŁOCK - OBSZAR MIEJSKI
1,0,0,2014,Dobre warunki atmosferyczne,Najechanie na pieszego,Dobre warunki atmosferyczne,Światło dzienne,"Parking, plac",EWK-98210006M,7,2014-04-24,Nieokreślone (puste pole),19*41'521,52*32'297,P,Obszar zabudowany,Odcinek prosty,Droga powiatowa,Jednojezdniowa dwukierunkowa,N,POWIAT PŁOCK,PŁOCK - OBSZAR MIEJSKI
1,0,1,2014,Dobre warunki atmosferyczne,Najechanie na pieszego,Dobre warunki atmosferyczne,Światło dzienne,"Parking, plac",EWK-98293028R,10,2014-06-25,Lekko,20*01'464,52*30'033,I2,Obszar zabudowany,Odcinek prosty,Inna,Jednojezdniowa dwukierunkowa,N,POWIAT PŁOCKI,BODZANÓW - OBSZAR WIEJSKI
1,0,0,2014,Dobre warunki atmosferyczne,Najechanie na pieszego,Dobre warunki atmosferyczne,Światło dzienne,"Parking, plac",EWK-98293028R,10,2014-06-25,Nieokreślone (puste pole),20*01'464,52*30'033,I2,Obszar zabudowany,Odcinek prosty,Inna,Jednojezdniowa dwukierunkowa,N,POWIAT PŁOCKI,BODZANÓW - OBSZAR WIEJSKI
1,0,1,2014,Dobre warunki atmosferyczne,Najechanie na pieszego,Dobre warunki atmosferyczne,Światło dzienne,"Parking, plac",EWK-98441424A,8,2014-09-03,Ciężko,21*36'259,51*53'312,GMINNA,Obszar zabudowany,Odcinek prosty,Droga gminna,Jednojezdniowa dwukierunkowa,N,POWIAT GARWOLIŃSKI,GARWOLIN - OBSZAR MIEJSKI
1,0,0,2014,Dobre warunki atmosferyczne,Najechanie na pieszego,Dobre warunki atmosferyczne,Światło dzienne,"Parking, plac",EWK-98441424A,8,2014-09-03,Nieokreślone (puste pole),21*36'259,51*53'312,GMINNA,Obszar zabudowany,Odcinek prosty,Droga gminna,Jednojezdniowa dwukierunkowa,N,POWIAT GARWOLIŃSKI,GARWOLIN - OBSZAR MIEJSKI
1,0,1,2014,Dobre warunki atmosferyczne,Najechanie na pieszego,Dobre warunki atmosferyczne,Światło dzienne,Pobocze,EWK-98118736H,8,2014-01-01,Lekko,21*38'314,51*52'082,GMINNA,Obszar niezabudowany,Odcinek prosty,Droga gminna,Jednojezdniowa dwukierunkowa,N,POWIAT GARWOLIŃSKI,GARWOLIN - OBSZAR WIEJSKI
1,0,0,2014,Dobre warunki atmosferyczne,Najechanie na pieszego,Dobre warunki atmosferyczne,Światło dzienne,Pobocze,EWK-98118736H,8,2014-01-01,Nieokreślone (puste pole),21*38'314,51*52'082,GMINNA,Obszar niezabudowany,Odcinek prosty,Droga gminna,Jednojezdniowa dwukierunkowa,N,POWIAT GARWOLIŃSKI,GARWOLIN - OBSZAR WIEJSKI
1,0,1,2014,Dobre warunki atmosferyczne,Najechanie na pieszego,Dobre warunki atmosferyczne,Światło dzienne,Pobocze,EWK-98182368K,6,2014-04-02,Lekko,19*42'220,52*49'050,P3751W,Obszar zabudowany,Odcinek prosty,Droga powiatowa,Jednojezdniowa dwukierunkowa,N,POWIAT SIERPECKI,SIERPC - OBSZAR WIEJSKI
1,0,0,2014,Dobre warunki atmosferyczne,Najechanie na pieszego,Dobre warunki atmosferyczne,Światło dzienne,Pobocze,EWK-98182368K,6,2014-04-02,Nieokreślone (puste pole),19*42'220,52*49'050,P3751W,Obszar zabudowany,Odcinek prosty,Droga powiatowa,Jednojezdniowa dwukierunkowa,N,POWIAT SIERPECKI,SIERPC - OBSZAR WIEJSKI
1,0,1,2014,Dobre warunki atmosferyczne,Najechanie na pieszego,Dobre warunki atmosferyczne,Światło dzienne,Pobocze,EWK-98287427G,13,2014-06-24,Lekko,21*30'065,51*16'434,,Obszar zabudowany,"Zakręt, łuk",Nieokreślone (puste pole),Jednojezdniowa dwukierunkowa,N,POWIAT ZWOLEŃSKI,KAZANÓW - OBSZAR WIEJSKI
1,0,0,2014,Dobre warunki atmosferyczne,Najechanie na pieszego,Dobre warunki atmosferyczne,Światło dzienne,Pobocze,EWK-98287427G,13,2014-06-24,Nieokreślone (puste pole),21*30'065,51*16'434,,Obszar zabudowany,"Zakręt, łuk",Nieokreślone (puste pole),Jednojezdniowa dwukierunkowa,N,POWIAT ZWOLEŃSKI,KAZANÓW - OBSZAR WIEJSKI
1,0,1,2014,Dobre warunki atmosferyczne,Najechanie na pieszego,Dobre warunki atmosferyczne,Światło dzienne,Pobocze,EWK-98418114A,15,2014-09-20,Lekko,19*45'534,52*37'133,P2910W,Obszar niezabudowany,Odcinek prosty,Droga powiatowa,Jednojezdniowa dwukierunkowa,N,POWIAT PŁOCKI,BIELSK - OBSZAR WIEJSKI
1,0,0,2014,Dobre warunki atmosferyczne,Najechanie na pieszego,Dobre warunki atmosferyczne,Światło dzienne,Pobocze,EWK-98418114A,15,2014-09-20,Nieokreślone (puste pole),19*45'534,52*37'133,P2910W,Obszar niezabudowany,Odcinek prosty,Droga powiatowa,Jednojezdniowa dwukierunkowa,N,POWIAT PŁOCKI,BIELSK - OBSZAR WIEJSKI
1,0,1,2014,Dobre warunki atmosferyczne,Najechanie na pieszego,Dobre warunki atmosferyczne,Światło dzienne,Pobocze,EWK-98625904H,15,2014-10-29,Lekko,19*34'086,52*40'294,P2903W,Obszar niezabudowany,,Droga powiatowa,Jednojezdniowa dwukierunkowa,N,POWIAT PŁOCKI,BRUDZEŃ DUŻY - OBSZAR WIEJSKI
1,0,0,2014,Dobre warunki atmosferyczne,Najechanie na pieszego,Dobre warunki atmosferyczne,Światło dzienne,Pobocze,EWK-98625904H,15,2014-10-29,Nieokreślone (puste pole),19*34'086,52*40'294,P2903W,Obszar niezabudowany,,Droga powiatowa,Jednojezdniowa dwukierunkowa,N,POWIAT PŁOCKI,BRUDZEŃ DUŻY - OBSZAR WIEJSKI
1,0,1,2014,Dobre warunki atmosferyczne,Najechanie na pieszego,Dobre warunki atmosferyczne,Światło dzienne,Przejście dla pieszych,EWK-98082957Y,12,2014-01-07,Lekko,20*14'463,52*13'563,GMINNA,Obszar zabudowany,,Droga gminna,Jednojezdniowa dwukierunkowa,N,POWIAT SOCHACZEWSKI,SOCHACZEW - OBSZAR MIEJSKI
1,0,0,2014,Dobre warunki atmosferyczne,Najechanie na pieszego,Dobre warunki atmosferyczne,Światło dzienne,Przejście dla pieszych,EWK-98082957Y,12,2014-01-07,Nieokreślone (puste pole),20*14'463,52*13'563,GMINNA,Obszar zabudowany,,Droga gminna,Jednojezdniowa dwukierunkowa,N,POWIAT SOCHACZEWSKI,SOCHACZEW - OBSZAR MIEJSKI
1,0,2,2014,Dobre warunki atmosferyczne,Najechanie na pieszego,Dobre warunki atmosferyczne,Światło dzienne,Przejście dla pieszych,EWK-98112148G,13,2014-01-22,Lekko,21*20'342,53*23'009,53,Obszar zabudowany,Odcinek prosty,Droga krajowa,Jednojezdniowa dwukierunkowa,N,POWIAT OSTROŁĘCKI,MYSZYNIEC - OBSZAR MIEJSKI
1,0,0,2014,Dobre warunki atmosferyczne,Najechanie na pieszego,Dobre warunki atmosferyczne,Światło dzienne,Przejście dla pieszych,EWK-98112148G,13,2014-01-22,Nieokreślone (puste pole),21*20'342,53*23'009,53,Obszar zabudowany,Odcinek prosty,Droga krajowa,Jednojezdniowa dwukierunkowa,N,POWIAT OSTROŁĘCKI,MYSZYNIEC - OBSZAR MIEJSKI