Liczba wypadków,Liczba zabitych,Liczba rannych,Rok,Warunki atmosferyczne,Rodzaj zdarzenia,Warunki atmosferyczne,Oświetlenie,Charakterystyka miejsca zdarzenia,IDKSIP zdarzenia,Godzina,Dzień,Ranny,GPS x,GPS y,Numer drogi,Obszar,Geometria drogi,Kategoria drogi 1,Rodzaj drogi,Czy w zdarzeniu był sprawca nietrzeźwy,Powiat,Gmina
1,0,0,2014,Opady deszczu,Najechanie na pieszego,Opady deszczu,"Zmrok, świt",Jezdnia,EWK-98647683G,17,2014-11-14,Nieokreślone (puste pole),21*01'420,51*20'245,7,Obszar zabudowany,Odcinek prosty,Droga krajowa,Jednojezdniowa dwukierunkowa,T,POWIAT RADOMSKI,KOWALA - OBSZAR WIEJSKI
1,0,1,2014,Opady deszczu,Najechanie na pieszego,Opady deszczu,"Zmrok, świt",Jezdnia,EWK-98650512G,16,2014-11-17,Ciężko,21*24'579,51*07'379,P3549W,Obszar niezabudowany,Odcinek prosty,Droga powiatowa,Jednojezdniowa dwukierunkowa,N,POWIAT LIPSKI,RZECZNIÓW - OBSZAR WIEJSKI
1,0,0,2014,Opady deszczu,Najechanie na pieszego,Opady deszczu,"Zmrok, świt",Jezdnia,EWK-98650512G,16,2014-11-17,Nieokreślone (puste pole),21*24'579,51*07'379,P3549W,Obszar niezabudowany,Odcinek prosty,Droga powiatowa,Jednojezdniowa dwukierunkowa,N,POWIAT LIPSKI,RZECZNIÓW - OBSZAR WIEJSKI
1,1,0,2014,Opady deszczu,Najechanie na pieszego,Opady deszczu,"Zmrok, świt",Jezdnia,EWK-98700209G,16,2014-12-23,Nieokreślone (puste pole),20*51'371,53*01'115,544,Obszar zabudowany,Odcinek prosty,Droga wojewódzka,Jednojezdniowa dwukierunkowa,N,POWIAT PRZASNYSKI,PRZASNYSZ - OBSZAR MIEJSKI
1,0,1,2014,Opady deszczu,Najechanie na pieszego,Opady deszczu,"Zmrok, świt",Jezdnia,EWK-98701800R,17,2014-12-23,Ciężko,21*11'208,51*22'247,9,Obszar zabudowany,Odcinek prosty,Droga krajowa,Jednojezdniowa dwukierunkowa,N,POWIAT RADOM,RADOM - OBSZAR MIEJSKI
1,0,0,2014,Opady deszczu,Najechanie na pieszego,Opady deszczu,"Zmrok, świt",Jezdnia,EWK-98701800R,17,2014-12-23,Nieokreślone (puste pole),21*11'208,51*22'247,9,Obszar zabudowany,Odcinek prosty,Droga krajowa,Jednojezdniowa dwukierunkowa,N,POWIAT RADOM,RADOM - OBSZAR MIEJSKI
1,0,1,2014,Opady deszczu,Najechanie na pieszego,Opady deszczu,"Zmrok, świt",Przejście dla pieszych,EWK-98087116X,7,2014-01-07,Ciężko,20*22'023,52*37'532,P,Obszar zabudowany,,Droga powiatowa,Jednojezdniowa dwukierunkowa,N,POWIAT PŁOŃSKI,PŁOŃSK - OBSZAR MIEJSKI
1,0,0,2014,Opady deszczu,Najechanie na pieszego,Opady deszczu,"Zmrok, świt",Przejście dla pieszych,EWK-98087116X,7,2014-01-07,Nieokreślone (puste pole),20*22'023,52*37'532,P,Obszar zabudowany,,Droga powiatowa,Jednojezdniowa dwukierunkowa,N,POWIAT PŁOŃSKI,PŁOŃSK - OBSZAR MIEJSKI
1,0,1,2014,Opady deszczu,Najechanie na pieszego,Opady deszczu,"Zmrok, świt",Przejście dla pieszych,EWK-98193038A,5,2014-04-10,Ciężko,19*40'079,52*33'246,559,Obszar zabudowany,Odcinek prosty,Droga wojewódzka,Dwie jezdnie jednokierunkowe,N,POWIAT PŁOCK,PŁOCK - OBSZAR MIEJSKI
1,0,0,2014,Opady deszczu,Najechanie na pieszego,Opady deszczu,"Zmrok, świt",Przejście dla pieszych,EWK-98193038A,5,2014-04-10,Nieokreślone (puste pole),19*40'079,52*33'246,559,Obszar zabudowany,Odcinek prosty,Droga wojewódzka,Dwie jezdnie jednokierunkowe,N,POWIAT PŁOCK,PŁOCK - OBSZAR MIEJSKI
1,0,2,2014,Opady deszczu,Najechanie na pieszego,Opady deszczu,"Zmrok, świt",Przejście dla pieszych,EWK-98617402Q,6,2014-10-23,Lekko,21*09'061,51*23'508,,Obszar zabudowany,,Nieokreślone (puste pole),Jednojezdniowa dwukierunkowa,N,POWIAT RADOM,RADOM - OBSZAR MIEJSKI
1,0,0,2014,Opady deszczu,Najechanie na pieszego,Opady deszczu,"Zmrok, świt",Przejście dla pieszych,EWK-98617402Q,6,2014-10-23,Nieokreślone (puste pole),21*09'061,51*23'508,,Obszar zabudowany,,Nieokreślone (puste pole),Jednojezdniowa dwukierunkowa,N,POWIAT RADOM,RADOM - OBSZAR MIEJSKI
1,0,1,2014,Opady deszczu,Najechanie na pieszego,Opady deszczu,"Zmrok, świt",Przejście dla pieszych,EWK-98638508Q,18,2014-11-08,Ciężko,21*11'376,51*49'232,731,Obszar niezabudowany,Odcinek prosty,Droga wojewódzka,Jednojezdniowa dwukierunkowa,N,POWIAT GRÓJECKI,WARKA - OBSZAR WIEJSKI
1,0,1,2014,Opady deszczu,Najechanie na pieszego,Opady deszczu,"Zmrok, świt",Przejście dla pieszych,EWK-98638508Q,18,2014-11-08,Lekko,21*11'376,51*49'232,731,Obszar niezabudowany,Odcinek prosty,Droga wojewódzka,Jednojezdniowa dwukierunkowa,N,POWIAT GRÓJECKI,WARKA - OBSZAR WIEJSKI
1,0,0,2014,Opady deszczu,Najechanie na pieszego,Opady deszczu,"Zmrok, świt",Przejście dla pieszych,EWK-98638508Q,18,2014-11-08,Nieokreślone (puste pole),21*11'376,51*49'232,731,Obszar niezabudowany,Odcinek prosty,Droga wojewódzka,Jednojezdniowa dwukierunkowa,N,POWIAT GRÓJECKI,WARKA - OBSZAR WIEJSKI
1,0,1,2014,Opady deszczu,Najechanie na pieszego,Opady deszczu,"Zmrok, świt",Przejście dla pieszych,EWK-98698532Q,15,2014-12-23,Lekko,21*26'495,51*28'271,P3523W,Obszar zabudowany,Odcinek prosty,Droga powiatowa,Jednojezdniowa dwukierunkowa,N,POWIAT RADOMSKI,PIONKI - OBSZAR MIEJSKI
1,0,0,2014,Opady deszczu,Najechanie na pieszego,Opady deszczu,"Zmrok, świt",Przejście dla pieszych,EWK-98698532Q,15,2014-12-23,Nieokreślone (puste pole),21*26'495,51*28'271,P3523W,Obszar zabudowany,Odcinek prosty,Droga powiatowa,Jednojezdniowa dwukierunkowa,N,POWIAT RADOMSKI,PIONKI - OBSZAR MIEJSKI
1,0,1,2014,Opady deszczu,Najechanie na pieszego,Opady deszczu,Światło dzienne,"Chodnik, droga dla pieszych",EWK-98255182P,9,2014-05-29,Lekko,21*10'005,51*23'563,P5321W,Obszar zabudowany,Odcinek prosty,Droga powiatowa,Jednojezdniowa dwukierunkowa,N,POWIAT RADOM,RADOM - OBSZAR MIEJSKI
1,0,0,2014,Opady deszczu,Najechanie na pieszego,Opady deszczu,Światło dzienne,"Chodnik, droga dla pieszych",EWK-98255182P,9,2014-05-29,Nieokreślone (puste pole),21*10'005,51*23'563,P5321W,Obszar zabudowany,Odcinek prosty,Droga powiatowa,Jednojezdniowa dwukierunkowa,N,POWIAT RADOM,RADOM - OBSZAR MIEJSKI
1,0,1,2014,Opady deszczu,Najechanie na pieszego,Opady deszczu,Światło dzienne,Jezdnia,EWK-98162733E,12,2014-03-15,Lekko,20*59'520,51*53'429,P,Obszar niezabudowany,Odcinek prosty,Droga powiatowa,Jednojezdniowa dwukierunkowa,N,POWIAT GRÓJECKI,CHYNÓW - OBSZAR WIEJSKI
1,0,0,2014,Opady deszczu,Najechanie na pieszego,Opady deszczu,Światło dzienne,Jezdnia,EWK-98162733E,12,2014-03-15,Nieokreślone (puste pole),20*59'520,51*53'429,P,Obszar niezabudowany,Odcinek prosty,Droga powiatowa,Jednojezdniowa dwukierunkowa,N,POWIAT GRÓJECKI,CHYNÓW - OBSZAR WIEJSKI
1,0,1,2014,Opady deszczu,Najechanie na pieszego,Opady deszczu,Światło dzienne,Jezdnia,EWK-98175933Q,12,2014-03-27,Ciężko,21*09'077,51*24'270,P5339W,Obszar zabudowany,Odcinek prosty,Droga powiatowa,Jednojezdniowa dwukierunkowa,N,POWIAT RADOM,RADOM - OBSZAR MIEJSKI
1,0,1,2014,Opady deszczu,Najechanie na pieszego,Opady deszczu,Światło dzienne,Jezdnia,EWK-98175933Q,12,2014-03-27,Lekko,21*09'077,51*24'270,P5339W,Obszar zabudowany,Odcinek prosty,Droga powiatowa,Jednojezdniowa dwukierunkowa,N,POWIAT RADOM,RADOM - OBSZAR MIEJSKI
1,0,0,2014,Opady deszczu,Najechanie na pieszego,Opady deszczu,Światło dzienne,Jezdnia,EWK-98175933Q,12,2014-03-27,Nieokreślone (puste pole),21*09'077,51*24'270,P5339W,Obszar zabudowany,Odcinek prosty,Droga powiatowa,Jednojezdniowa dwukierunkowa,N,POWIAT RADOM,RADOM - OBSZAR MIEJSKI
1,0,1,2014,Opady deszczu,Najechanie na pieszego,Opady deszczu,Światło dzienne,Jezdnia,EWK-98193984U,10,2014-04-10,Ciężko,21*09'520,51*25'428,P5301W,Obszar zabudowany,,Droga powiatowa,Dwie jezdnie jednokierunkowe,N,POWIAT RADOM,RADOM - OBSZAR MIEJSKI
1,0,0,2014,Opady deszczu,Najechanie na pieszego,Opady deszczu,Światło dzienne,Jezdnia,EWK-98193984U,10,2014-04-10,Nieokreślone (puste pole),21*09'520,51*25'428,P5301W,Obszar zabudowany,,Droga powiatowa,Dwie jezdnie jednokierunkowe,N,POWIAT RADOM,RADOM - OBSZAR MIEJSKI
1,0,1,2014,Opady deszczu,Najechanie na pieszego,Opady deszczu,Światło dzienne,Jezdnia,EWK-98235441K,7,2014-05-15,Ciężko,20*52'028,51*51'431,GMINNA,Obszar zabudowany,Odcinek prosty,Droga gminna,Jednojezdniowa dwukierunkowa,N,POWIAT GRÓJECKI,GRÓJEC - OBSZAR MIEJSKI
1,0,0,2014,Opady deszczu,Najechanie na pieszego,Opady deszczu,Światło dzienne,Jezdnia,EWK-98235441K,7,2014-05-15,Nieokreślone (puste pole),20*52'028,51*51'431,GMINNA,Obszar zabudowany,Odcinek prosty,Droga gminna,Jednojezdniowa dwukierunkowa,N,POWIAT GRÓJECKI,GRÓJEC - OBSZAR MIEJSKI
1,0,1,2014,Opady deszczu,Najechanie na pieszego,Opady deszczu,Światło dzienne,Jezdnia,EWK-98420890D,7,2014-09-23,Lekko,19*37'488,52*54'432,560,Obszar niezabudowany,Odcinek prosty,Droga wojewódzka,Jednojezdniowa dwukierunkowa,N,POWIAT SIERPECKI,SZCZUTOWO - OBSZAR WIEJSKI
1,0,0,2014,Opady deszczu,Najechanie na pieszego,Opady deszczu,Światło dzienne,Jezdnia,EWK-98420890D,7,2014-09-23,Nieokreślone (puste pole),19*37'488,52*54'432,560,Obszar niezabudowany,Odcinek prosty,Droga wojewódzka,Jednojezdniowa dwukierunkowa,N,POWIAT SIERPECKI,SZCZUTOWO - OBSZAR WIEJSKI
1,1,0,2014,Opady deszczu,Najechanie na pieszego,Opady deszczu,Światło dzienne,Jezdnia,EWK-98699263T,7,2014-12-23,Nieokreślone (puste pole),21*38'442,51*09'188,79,Obszar zabudowany,Odcinek prosty,Droga krajowa,Jednojezdniowa dwukierunkowa,N,POWIAT LIPSKI,LIPSKO - OBSZAR MIEJSKI
1,0,1,2014,Opady deszczu,Najechanie na pieszego,Opady deszczu,Światło dzienne,Przejście dla pieszych,EWK-98125342P,10,2014-02-10,Lekko,21*10'045,51*23'344,9,Obszar zabudowany,,Droga krajowa,Dwie jezdnie jednokierunkowe,N,POWIAT RADOM,RADOM - OBSZAR MIEJSKI
1,0,0,2014,Opady deszczu,Najechanie na pieszego,Opady deszczu,Światło dzienne,Przejście dla pieszych,EWK-98125342P,10,2014-02-10,Nieokreślone (puste pole),21*10'045,51*23'344,9,Obszar zabudowany,,Droga krajowa,Dwie jezdnie jednokierunkowe,N,POWIAT RADOM,RADOM - OBSZAR MIEJSKI
1,0,1,2014,Opady deszczu,Najechanie na pieszego,Opady deszczu,Światło dzienne,Przejście dla pieszych,EWK-98164882R,14,2014-03-15,Lekko,19*42'240,52*33'048,P,Obszar zabudowany,Odcinek prosty,Droga powiatowa,Jednojezdniowa dwukierunkowa,N,POWIAT PŁOCK,PŁOCK - OBSZAR MIEJSKI
1,0,0,2014,Opady deszczu,Najechanie na pieszego,Opady deszczu,Światło dzienne,Przejście dla pieszych,EWK-98164882R,14,2014-03-15,Nieokreślone (puste pole),19*42'240,52*33'048,P,Obszar zabudowany,Odcinek prosty,Droga powiatowa,Jednojezdniowa dwukierunkowa,N,POWIAT PŁOCK,PŁOCK - OBSZAR MIEJSKI
1,0,1,2014,Opady deszczu,Najechanie na pieszego,Opady deszczu,Światło dzienne,Przejście dla pieszych,EWK-98333270H,7,2014-07-24,Ciężko,21*33'284,51*34'499,48,Obszar zabudowany,Odcinek prosty,Droga krajowa,Jednojezdniowa dwukierunkowa,N,POWIAT KOZIENICKI,KOZIENICE - OBSZAR MIEJSKI
1,0,0,2014,Opady deszczu,Najechanie na pieszego,Opady deszczu,Światło dzienne,Przejście dla pieszych,EWK-98333270H,7,2014-07-24,Nieokreślone (puste pole),21*33'284,51*34'499,48,Obszar zabudowany,Odcinek prosty,Droga krajowa,Jednojezdniowa dwukierunkowa,N,POWIAT KOZIENICKI,KOZIENICE - OBSZAR MIEJSKI
1,0,1,2014,Opady deszczu,Najechanie na pieszego,Opady deszczu,Światło dzienne,Przejście dla pieszych,EWK-98405004F,9,2014-09-11,Lekko,21*07'277,51*24'258,7,Obszar zabudowany,,Droga krajowa,Dwie jezdnie jednokierunkowe,N,POWIAT RADOM,RADOM - OBSZAR MIEJSKI
1,0,0,2014,Opady deszczu,Najechanie na pieszego,Opady deszczu,Światło dzienne,Przejście dla pieszych,EWK-98405004F,9,2014-09-11,Nieokreślone (puste pole),21*07'277,51*24'258,7,Obszar zabudowany,,Droga krajowa,Dwie jezdnie jednokierunkowe,N,POWIAT RADOM,RADOM - OBSZAR MIEJSKI
1,0,1,2014,Opady deszczu,Najechanie na pieszego,Opady deszczu,Światło dzienne,Przejście dla pieszych,EWK-98642348W,8,2014-11-07,Lekko,21*33'344,53*05'159,61,Obszar zabudowany,Odcinek prosty,Droga krajowa,Dwie jezdnie jednokierunkowe,N,POWIAT OSTROŁĘKA,OSTROŁĘKA - OBSZAR MIEJSKI
1,0,0,2014,Opady deszczu,Najechanie na pieszego,Opady deszczu,Światło dzienne,Przejście dla pieszych,EWK-98642348W,8,2014-11-07,Nieokreślone (puste pole),21*33'344,53*05'159,61,Obszar zabudowany,Odcinek prosty,Droga krajowa,Dwie jezdnie jednokierunkowe,N,POWIAT OSTROŁĘKA,OSTROŁĘKA - OBSZAR MIEJSKI
1,0,1,2014,Opady deszczu,Najechanie na pieszego,Opady deszczu,Światło dzienne,Przejście dla pieszych,EWK-98693188F,14,2014-12-19,Lekko,19*40'091,52*51'099,,Obszar zabudowany,Odcinek prosty,Nieokreślone (puste pole),Jednojezdniowa dwukierunkowa,N,POWIAT SIERPECKI,SIERPC - OBSZAR MIEJSKI
1,0,0,2014,Opady deszczu,Najechanie na pieszego,Opady deszczu,Światło dzienne,Przejście dla pieszych,EWK-98693188F,14,2014-12-19,Nieokreślone (puste pole),19*40'091,52*51'099,,Obszar zabudowany,Odcinek prosty,Nieokreślone (puste pole),Jednojezdniowa dwukierunkowa,N,POWIAT SIERPECKI,SIERPC - OBSZAR MIEJSKI
1,0,1,2014,Opady deszczu,Zderzenie pojazdów boczne,Opady deszczu,Światło dzienne,Jezdnia,EWK-98446743U,6,2014-10-01,Ciężko,20*25'473,52*03'045,GMINNA,Obszar zabudowany,,Droga gminna,Jednojezdniowa dwukierunkowa,N,POWIAT ŻYRARDOWSKI,ŻYRARDÓW - OBSZAR MIEJSKI
1,0,0,2014,Opady deszczu,Zderzenie pojazdów boczne,Opady deszczu,Światło dzienne,Jezdnia,EWK-98446743U,6,2014-10-01,Nieokreślone (puste pole),20*25'473,52*03'045,GMINNA,Obszar zabudowany,,Droga gminna,Jednojezdniowa dwukierunkowa,N,POWIAT ŻYRARDOWSKI,ŻYRARDÓW - OBSZAR MIEJSKI
1,0,1,2014,Opady deszczu,Zderzenie pojazdów tylne,Opady deszczu,Noc - droga oświetlona,Przejście dla pieszych,EWK-98693794F,17,2014-12-11,Ciężko,21*09'371,51*24'156,P5309W,Obszar zabudowany,Odcinek prosty,Droga powiatowa,Jednojezdniowa dwukierunkowa,N,POWIAT RADOM,RADOM - OBSZAR MIEJSKI
1,0,0,2014,Opady deszczu,Zderzenie pojazdów tylne,Opady deszczu,Noc - droga oświetlona,Przejście dla pieszych,EWK-98693794F,17,2014-12-11,Nieokreślone (puste pole),21*09'371,51*24'156,P5309W,Obszar zabudowany,Odcinek prosty,Droga powiatowa,Jednojezdniowa dwukierunkowa,N,POWIAT RADOM,RADOM - OBSZAR MIEJSKI
1,0,1,2014,"Opady śniegu, gradu",Najechanie na pieszego,"Opady śniegu, gradu",Noc - droga nieoświetlona,Jezdnia,EWK-98096278L,20,2014-01-19,Ciężko,20*47'008,53*01'143,544,Obszar niezabudowany,,Droga wojewódzka,Jednojezdniowa dwukierunkowa,N,POWIAT PRZASNYSKI,CZERNICE BOROWE - OBSZAR WIEJSKI
1,0,0,2014,"Opady śniegu, gradu",Najechanie na pieszego,"Opady śniegu, gradu",Noc - droga nieoświetlona,Jezdnia,EWK-98096278L,20,2014-01-19,Nieokreślone (puste pole),20*47'008,53*01'143,544,Obszar niezabudowany,,Droga wojewódzka,Jednojezdniowa dwukierunkowa,N,POWIAT PRZASNYSKI,CZERNICE BOROWE - OBSZAR WIEJSKI
1,1,0,2014,"Opady śniegu, gradu",Najechanie na pieszego,"Opady śniegu, gradu",Noc - droga nieoświetlona,Jezdnia,EWK-98096674A,19,2014-01-16,Nieokreślone (puste pole),20*05'063,52*46'263,60,Obszar niezabudowany,"Zakręt, łuk",Droga krajowa,Jednojezdniowa dwukierunkowa,T,POWIAT PŁOŃSKI,RACIĄŻ - OBSZAR WIEJSKI
1,1,0,2014,"Opady śniegu, gradu",Najechanie na pieszego,"Opady śniegu, gradu",Noc - droga nieoświetlona,Jezdnia,EWK-98699610F,17,2014-12-27,Nieokreślone (puste pole),19*52'335,52*20'207,P1454W,Obszar niezabudowany,Odcinek prosty,Droga powiatowa,Jednojezdniowa dwukierunkowa,N,POWIAT GOSTYNIŃSKI,SANNIKI - OBSZAR WIEJSKI
1,0,1,2014,"Opady śniegu, gradu",Najechanie na pieszego,"Opady śniegu, gradu",Noc - droga oświetlona,Jezdnia,EWK-98109860E,19,2014-01-26,Ciężko,20*56'403,51*54'535,,Obszar niezabudowany,Odcinek prosty,Nieokreślone (puste pole),Jednojezdniowa dwukierunkowa,N,POWIAT GRÓJECKI,GRÓJEC - OBSZAR WIEJSKI
1,0,0,2014,"Opady śniegu, gradu",Najechanie na pieszego,"Opady śniegu, gradu",Noc - droga oświetlona,Jezdnia,EWK-98109860E,19,2014-01-26,Nieokreślone (puste pole),20*56'403,51*54'535,,Obszar niezabudowany,Odcinek prosty,Nieokreślone (puste pole),Jednojezdniowa dwukierunkowa,N,POWIAT GRÓJECKI,GRÓJEC - OBSZAR WIEJSKI
1,0,1,2014,"Opady śniegu, gradu",Najechanie na pieszego,"Opady śniegu, gradu",Światło dzienne,Jezdnia,EWK-98098048F,14,2014-01-20,Ciężko,19*40'434,52*31'425,GMINNA,Obszar zabudowany,Odcinek prosty,Droga gminna,Jednojezdniowa dwukierunkowa,N,POWIAT PŁOCK,PŁOCK - OBSZAR MIEJSKI
1,0,0,2014,"Opady śniegu, gradu",Najechanie na pieszego,"Opady śniegu, gradu",Światło dzienne,Jezdnia,EWK-98098048F,14,2014-01-20,Nieokreślone (puste pole),19*40'434,52*31'425,GMINNA,Obszar zabudowany,Odcinek prosty,Droga gminna,Jednojezdniowa dwukierunkowa,N,POWIAT PŁOCK,PŁOCK - OBSZAR MIEJSKI
1,0,1,2014,"Opady śniegu, gradu",Najechanie na pieszego,"Opady śniegu, gradu",Światło dzienne,Przejście dla pieszych,EWK-98100067R,8,2014-01-20,Lekko,22*12'574,52*24'258,62,Obszar zabudowany,Odcinek prosty,Droga krajowa,Jednojezdniowa dwukierunkowa,N,POWIAT SOKOŁOWSKI,SOKOŁÓW PODLASKI - OBSZAR MIEJSKI
1,0,0,2014,"Opady śniegu, gradu",Najechanie na pieszego,"Opady śniegu, gradu",Światło dzienne,Przejście dla pieszych,EWK-98100067R,8,2014-01-20,Nieokreślone (puste pole),22*12'574,52*24'258,62,Obszar zabudowany,Odcinek prosty,Droga krajowa,Jednojezdniowa dwukierunkowa,N,POWIAT SOKOŁOWSKI,SOKOŁÓW PODLASKI - OBSZAR MIEJSKI
1,0,1,2014,Oślepiające słońce,Najechanie na pieszego,Oślepiające słońce,Światło dzienne,Jezdnia,EWK-98091314H,13,2014-01-13,Ciężko,21*10'181,51*24'157,P5329W,Obszar zabudowany,,Droga powiatowa,Jednojezdniowa dwukierunkowa,N,POWIAT RADOM,RADOM - OBSZAR MIEJSKI
1,0,0,2014,Oślepiające słońce,Najechanie na pieszego,Oślepiające słońce,Światło dzienne,Jezdnia,EWK-98091314H,13,2014-01-13,Nieokreślone (puste pole),21*10'181,51*24'157,P5329W,Obszar zabudowany,,Droga powiatowa,Jednojezdniowa dwukierunkowa,N,POWIAT RADOM,RADOM - OBSZAR MIEJSKI
1,1,0,2014,Oślepiające słońce,Najechanie na pieszego,Oślepiające słońce,Światło dzienne,Jezdnia,EWK-98095216F,13,2014-01-13,Nieokreślone (puste pole),21*05'323,52*52'487,57,Obszar zabudowany,Odcinek prosty,Droga krajowa,Jednojezdniowa dwukierunkowa,N,POWIAT MAKOWSKI,MAKÓW MAZOWIECKI - OBSZAR MIEJSKI
1,0,1,2014,Oślepiające słońce,Najechanie na pieszego,Oślepiające słońce,Światło dzienne,Jezdnia,EWK-98262549H,11,2014-06-05,Lekko,19*41'106,52*32'405,GMINNA,Obszar zabudowany,,Droga gminna,Jednojezdniowa dwukierunkowa,N,POWIAT PŁOCK,PŁOCK - OBSZAR MIEJSKI
1,0,0,2014,Oślepiające słońce,Najechanie na pieszego,Oślepiające słońce,Światło dzienne,Jezdnia,EWK-98262549H,11,2014-06-05,Nieokreślone (puste pole),19*41'106,52*32'405,GMINNA,Obszar zabudowany,,Droga gminna,Jednojezdniowa dwukierunkowa,N,POWIAT PŁOCK,PŁOCK - OBSZAR MIEJSKI
1,0,1,2014,Oślepiające słońce,Najechanie na pieszego,Oślepiające słońce,Światło dzienne,"Parking, plac",EWK-98399680J,9,2014-09-05,Ciężko,19*41'123,52*33'111,I2,Obszar zabudowany,Odcinek prosty,Inna,Jednojezdniowa dwukierunkowa,N,POWIAT PŁOCK,PŁOCK - OBSZAR MIEJSKI
1,0,0,2014,Oślepiające słońce,Najechanie na pieszego,Oślepiające słońce,Światło dzienne,"Parking, plac",EWK-98399680J,9,2014-09-05,Nieokreślone (puste pole),19*41'123,52*33'111,I2,Obszar zabudowany,Odcinek prosty,Inna,Jednojezdniowa dwukierunkowa,N,POWIAT PŁOCK,PŁOCK - OBSZAR MIEJSKI
1,0,1,2014,Oślepiające słońce,Najechanie na pieszego,Oślepiające słońce,Światło dzienne,Przejście dla pieszych,EWK-98126469L,14,2014-02-10,Ciężko,20*52'013,51*51'520,P,Obszar zabudowany,,Droga powiatowa,Jednojezdniowa dwukierunkowa,N,POWIAT GRÓJECKI,GRÓJEC - OBSZAR MIEJSKI
1,0,0,2014,Oślepiające słońce,Najechanie na pieszego,Oślepiające słońce,Światło dzienne,Przejście dla pieszych,EWK-98126469L,14,2014-02-10,Nieokreślone (puste pole),20*52'013,51*51'520,P,Obszar zabudowany,,Droga powiatowa,Jednojezdniowa dwukierunkowa,N,POWIAT GRÓJECKI,GRÓJEC - OBSZAR MIEJSKI
1,0,1,2014,Oślepiające słońce,Najechanie na pieszego,Oślepiające słońce,Światło dzienne,Przejście dla pieszych,EWK-98275068J,16,2014-06-10,Lekko,20*30'583,51*58'221,GMINNA,Obszar zabudowany,,Droga gminna,Jednojezdniowa dwukierunkowa,N,POWIAT ŻYRARDOWSKI,MSZCZONÓW - OBSZAR MIEJSKI
1,0,0,2014,Oślepiające słońce,Najechanie na pieszego,Oślepiające słońce,Światło dzienne,Przejście dla pieszych,EWK-98275068J,16,2014-06-10,Nieokreślone (puste pole),20*30'583,51*58'221,GMINNA,Obszar zabudowany,,Droga gminna,Jednojezdniowa dwukierunkowa,N,POWIAT ŻYRARDOWSKI,MSZCZONÓW - OBSZAR MIEJSKI
1,0,1,2014,Oślepiające słońce,Najechanie na pieszego,Oślepiające słońce,Światło dzienne,Przejście dla pieszych,EWK-98330335P,17,2014-07-22,Lekko,20*57'053,51*38'590,G110150W,Obszar zabudowany,,Droga gminna,Jednojezdniowa dwukierunkowa,N,POWIAT BIAŁOBRZESKI,BIAŁOBRZEGI - OBSZAR MIEJSKI
1,0,0,2014,Oślepiające słońce,Najechanie na pieszego,Oślepiające słońce,Światło dzienne,Przejście dla pieszych,EWK-98330335P,17,2014-07-22,Nieokreślone (puste pole),20*57'053,51*38'590,G110150W,Obszar zabudowany,,Droga gminna,Jednojezdniowa dwukierunkowa,N,POWIAT BIAŁOBRZESKI,BIAŁOBRZEGI - OBSZAR MIEJSKI
1,0,1,2014,Oślepiające słońce,Najechanie na pieszego,Oślepiające słońce,Światło dzienne,Przejście dla pieszych,EWK-98400481K,18,2014-09-05,Lekko,19*43'386,52*32'200,P,Obszar zabudowany,,Droga powiatowa,Jednojezdniowa dwukierunkowa,N,POWIAT PŁOCK,PŁOCK - OBSZAR MIEJSKI
1,0,0,2014,Oślepiające słońce,Najechanie na pieszego,Oślepiające słońce,Światło dzienne,Przejście dla pieszych,EWK-98400481K,18,2014-09-05,Nieokreślone (puste pole),19*43'386,52*32'200,P,Obszar zabudowany,,Droga powiatowa,Jednojezdniowa dwukierunkowa,N,POWIAT PŁOCK,PŁOCK - OBSZAR MIEJSKI
1,0,1,2014,Pochmurno,Inne,Pochmurno,Światło dzienne,Jezdnia,EWK-98465160T,9,2014-10-16,Ciężko,19*40'041,52*44'297,P3735W,Obszar zabudowany,Odcinek prosty,Droga powiatowa,Jednojezdniowa dwukierunkowa,N,POWIAT SIERPECKI,GOZDOWO - OBSZAR WIEJSKI
1,0,1,2014,Pochmurno,Inne,Pochmurno,Światło dzienne,Jezdnia,EWK-98465160T,9,2014-10-16,Lekko,19*40'041,52*44'297,P3735W,Obszar zabudowany,Odcinek prosty,Droga powiatowa,Jednojezdniowa dwukierunkowa,N,POWIAT SIERPECKI,GOZDOWO - OBSZAR WIEJSKI
1,0,0,2014,Pochmurno,Inne,Pochmurno,Światło dzienne,Jezdnia,EWK-98465160T,9,2014-10-16,Nieokreślone (puste pole),19*40'041,52*44'297,P3735W,Obszar zabudowany,Odcinek prosty,Droga powiatowa,Jednojezdniowa dwukierunkowa,N,POWIAT SIERPECKI,GOZDOWO - OBSZAR WIEJSKI
1,0,1,2014,Pochmurno,Najechanie na pieszego,Pochmurno,Noc - droga nieoświetlona,Jezdnia,EWK-98082762E,23,2014-01-04,Ciężko,21*44'581,51*23'076,12,Obszar niezabudowany,Odcinek prosty,Droga krajowa,Jednojezdniowa dwukierunkowa,N,POWIAT ZWOLEŃSKI,POLICZNA - OBSZAR WIEJSKI
1,0,0,2014,Pochmurno,Najechanie na pieszego,Pochmurno,Noc - droga nieoświetlona,Jezdnia,EWK-98082762E,23,2014-01-04,Nieokreślone (puste pole),21*44'581,51*23'076,12,Obszar niezabudowany,Odcinek prosty,Droga krajowa,Jednojezdniowa dwukierunkowa,N,POWIAT ZWOLEŃSKI,POLICZNA - OBSZAR WIEJSKI