Liczba wypadków,Liczba zabitych,Liczba rannych,Rok,Warunki atmosferyczne,Rodzaj zdarzenia,Warunki atmosferyczne,Oświetlenie,Charakterystyka miejsca zdarzenia,IDKSIP zdarzenia,Godzina,Dzień,Ranny,GPS x,GPS y,Numer drogi,Obszar,Geometria drogi,Kategoria drogi 1,Rodzaj drogi,Czy w zdarzeniu był sprawca nietrzeźwy,Powiat,Gmina
1,0,0,2014,Pochmurno,Najechanie na pieszego,Pochmurno,Światło dzienne,Przejście dla pieszych,EWK-98647680L,12,2014-11-14,Nieokreślone (puste pole),21*11'002,51*24'384,P5312W,Obszar zabudowany,Odcinek prosty,Droga powiatowa,Jednojezdniowa dwukierunkowa,N,POWIAT RADOM,RADOM - OBSZAR MIEJSKI
1,0,1,2014,Pochmurno,Najechanie na pieszego,Pochmurno,Światło dzienne,Przejście dla pieszych,EWK-98696488F,14,2014-12-19,Ciężko,21*08'372,51*24'383,P5307W,Obszar zabudowany,Odcinek prosty,Droga powiatowa,Dwie jezdnie jednokierunkowe,N,POWIAT RADOM,RADOM - OBSZAR MIEJSKI
1,0,0,2014,Pochmurno,Najechanie na pieszego,Pochmurno,Światło dzienne,Przejście dla pieszych,EWK-98696488F,14,2014-12-19,Nieokreślone (puste pole),21*08'372,51*24'383,P5307W,Obszar zabudowany,Odcinek prosty,Droga powiatowa,Dwie jezdnie jednokierunkowe,N,POWIAT RADOM,RADOM - OBSZAR MIEJSKI
1,0,1,2014,Pochmurno,Najechanie na pieszego,Pochmurno,Światło dzienne,Przystanek komunikacji publicznej,EWK-98686002K,7,2014-12-16,Lekko,19*43'002,52*32'159,P,Obszar zabudowany,Odcinek prosty,Droga powiatowa,Jednojezdniowa dwukierunkowa,N,POWIAT PŁOCK,PŁOCK - OBSZAR MIEJSKI
1,0,0,2014,Pochmurno,Najechanie na pieszego,Pochmurno,Światło dzienne,Przystanek komunikacji publicznej,EWK-98686002K,7,2014-12-16,Nieokreślone (puste pole),19*43'002,52*32'159,P,Obszar zabudowany,Odcinek prosty,Droga powiatowa,Jednojezdniowa dwukierunkowa,N,POWIAT PŁOCK,PŁOCK - OBSZAR MIEJSKI
1,0,1,2014,Pochmurno,Zderzenie pojazdów boczne,Pochmurno,Noc - droga oświetlona,Jezdnia,EWK-98084798P,0,2014-01-04,Ciężko,19*42'159,52*32'268,P,Obszar zabudowany,,Droga powiatowa,Jednokierunkowa,N,POWIAT PŁOCK,PŁOCK - OBSZAR MIEJSKI
1,0,2,2014,Pochmurno,Zderzenie pojazdów boczne,Pochmurno,Noc - droga oświetlona,Jezdnia,EWK-98084798P,0,2014-01-04,Lekko,19*42'159,52*32'268,P,Obszar zabudowany,,Droga powiatowa,Jednokierunkowa,N,POWIAT PŁOCK,PŁOCK - OBSZAR MIEJSKI
1,0,0,2014,Pochmurno,Zderzenie pojazdów boczne,Pochmurno,Noc - droga oświetlona,Jezdnia,EWK-98084798P,0,2014-01-04,Nieokreślone (puste pole),19*42'159,52*32'268,P,Obszar zabudowany,,Droga powiatowa,Jednokierunkowa,N,POWIAT PŁOCK,PŁOCK - OBSZAR MIEJSKI
1,0,1,2014,Pochmurno,Zderzenie pojazdów czołowe,Pochmurno,Noc - droga nieoświetlona,Jezdnia,EWK-98678947N,6,2014-12-11,Ciężko,21*26'598,51*40'248,GMINNA,Obszar niezabudowany,Odcinek prosty,Droga gminna,Jednojezdniowa dwukierunkowa,N,POWIAT KOZIENICKI,KOZIENICE - OBSZAR WIEJSKI
1,1,0,2014,Pochmurno,Zderzenie pojazdów czołowe,Pochmurno,Noc - droga nieoświetlona,Jezdnia,EWK-98678947N,6,2014-12-11,Nieokreślone (puste pole),21*26'598,51*40'248,GMINNA,Obszar niezabudowany,Odcinek prosty,Droga gminna,Jednojezdniowa dwukierunkowa,N,POWIAT KOZIENICKI,KOZIENICE - OBSZAR WIEJSKI
1,0,1,2014,Pochmurno,Zderzenie pojazdów czołowe,Pochmurno,Światło dzienne,Jezdnia,EWK-98086513P,7,2014-01-09,Lekko,21*09'323,51*24'210,P5312W,Obszar zabudowany,,Droga powiatowa,Jednojezdniowa dwukierunkowa,N,POWIAT RADOM,RADOM - OBSZAR MIEJSKI
1,0,0,2014,Pochmurno,Zderzenie pojazdów czołowe,Pochmurno,Światło dzienne,Jezdnia,EWK-98086513P,7,2014-01-09,Nieokreślone (puste pole),21*09'323,51*24'210,P5312W,Obszar zabudowany,,Droga powiatowa,Jednojezdniowa dwukierunkowa,N,POWIAT RADOM,RADOM - OBSZAR MIEJSKI
1,0,1,2014,Pochmurno,Zderzenie pojazdów tylne,Pochmurno,Światło dzienne,Jezdnia,EWK-98616657J,9,2014-10-23,Lekko,19*41'244,52*32'566,GMINNA,Obszar zabudowany,Odcinek prosty,Droga gminna,Jednojezdniowa dwukierunkowa,N,POWIAT PŁOCK,PŁOCK - OBSZAR MIEJSKI
1,0,0,2014,Pochmurno,Zderzenie pojazdów tylne,Pochmurno,Światło dzienne,Jezdnia,EWK-98616657J,9,2014-10-23,Nieokreślone (puste pole),19*41'244,52*32'566,GMINNA,Obszar zabudowany,Odcinek prosty,Droga gminna,Jednojezdniowa dwukierunkowa,N,POWIAT PŁOCK,PŁOCK - OBSZAR MIEJSKI
1,1,0,2014,"Pochmurno; Mgła, dym",Najechanie na pieszego,"Pochmurno; Mgła, dym",Noc - droga nieoświetlona,Jezdnia,EWK-98628680X,23,2014-10-31,Nieokreślone (puste pole),21*48'017,51*28'442,738,Obszar niezabudowany,Odcinek prosty,Droga wojewódzka,Jednojezdniowa dwukierunkowa,T,POWIAT KOZIENICKI,GNIEWOSZÓW - OBSZAR WIEJSKI
1,1,0,2014,Pochmurno; Opady deszczu,Najechanie na pieszego,Pochmurno; Opady deszczu,Noc - droga nieoświetlona,Jezdnia,EWK-98415634A,20,2014-09-21,Nieokreślone (puste pole),21*20'284,52*34'274,62,Obszar niezabudowany,Odcinek prosty,Droga krajowa,Jednojezdniowa dwukierunkowa,T,POWIAT WYSZKOWSKI,SOMIANKA - OBSZAR WIEJSKI
1,1,0,2014,Pochmurno; Opady deszczu,Najechanie na pieszego,Pochmurno; Opady deszczu,Noc - droga nieoświetlona,Jezdnia,EWK-98696778M,0,2014-12-23,Nieokreślone (puste pole),21*32'547,52*46'230,G440206W,Obszar zabudowany,Odcinek prosty,Droga gminna,Jednojezdniowa dwukierunkowa,N,POWIAT WYSZKOWSKI,DŁUGOSIODŁO - OBSZAR WIEJSKI
1,0,1,2014,Pochmurno; Opady deszczu,Najechanie na pieszego,Pochmurno; Opady deszczu,Noc - droga oświetlona,Jezdnia,EWK-98172340H,3,2014-03-24,Lekko,22*08'378,52*37'118,GMINNA,Obszar zabudowany,Odcinek prosty,Droga gminna,Jednojezdniowa dwukierunkowa,N,POWIAT SOKOŁOWSKI,KOSÓW LACKI - OBSZAR WIEJSKI
1,0,0,2014,Pochmurno; Opady deszczu,Najechanie na pieszego,Pochmurno; Opady deszczu,Noc - droga oświetlona,Jezdnia,EWK-98172340H,3,2014-03-24,Nieokreślone (puste pole),22*08'378,52*37'118,GMINNA,Obszar zabudowany,Odcinek prosty,Droga gminna,Jednojezdniowa dwukierunkowa,N,POWIAT SOKOŁOWSKI,KOSÓW LACKI - OBSZAR WIEJSKI
1,0,1,2014,Pochmurno; Opady deszczu,Najechanie na pieszego,Pochmurno; Opady deszczu,Noc - droga oświetlona,Jezdnia,EWK-98693498T,21,2014-12-21,Ciężko,19*42'415,52*33'045,P,Obszar zabudowany,,Droga powiatowa,Dwie jezdnie jednokierunkowe,N,POWIAT PŁOCK,PŁOCK - OBSZAR MIEJSKI
1,0,0,2014,Pochmurno; Opady deszczu,Najechanie na pieszego,Pochmurno; Opady deszczu,Noc - droga oświetlona,Jezdnia,EWK-98693498T,21,2014-12-21,Nieokreślone (puste pole),19*42'415,52*33'045,P,Obszar zabudowany,,Droga powiatowa,Dwie jezdnie jednokierunkowe,N,POWIAT PŁOCK,PŁOCK - OBSZAR MIEJSKI
1,0,1,2014,Pochmurno; Opady deszczu,Najechanie na pieszego,Pochmurno; Opady deszczu,Noc - droga oświetlona,Przejście dla pieszych,EWK-98647816Y,18,2014-11-17,Ciężko,21*07'330,51*24'237,P5347W,Obszar zabudowany,Odcinek prosty,Droga powiatowa,Jednojezdniowa dwukierunkowa,T,POWIAT RADOM,RADOM - OBSZAR MIEJSKI
1,0,0,2014,Pochmurno; Opady deszczu,Najechanie na pieszego,Pochmurno; Opady deszczu,Noc - droga oświetlona,Przejście dla pieszych,EWK-98647816Y,18,2014-11-17,Nieokreślone (puste pole),21*07'330,51*24'237,P5347W,Obszar zabudowany,Odcinek prosty,Droga powiatowa,Jednojezdniowa dwukierunkowa,T,POWIAT RADOM,RADOM - OBSZAR MIEJSKI
1,0,1,2014,Pochmurno; Opady deszczu,Najechanie na pieszego,Pochmurno; Opady deszczu,Noc - droga oświetlona,Przejście dla pieszych,EWK-98686188E,20,2014-12-15,Lekko,20*37'427,52*52'494,G120101W,Obszar zabudowany,,Droga gminna,Dwie jezdnie jednokierunkowe,N,POWIAT CIECHANOWSKI,CIECHANÓW - OBSZAR MIEJSKI
1,0,0,2014,Pochmurno; Opady deszczu,Najechanie na pieszego,Pochmurno; Opady deszczu,Noc - droga oświetlona,Przejście dla pieszych,EWK-98686188E,20,2014-12-15,Nieokreślone (puste pole),20*37'427,52*52'494,G120101W,Obszar zabudowany,,Droga gminna,Dwie jezdnie jednokierunkowe,N,POWIAT CIECHANOWSKI,CIECHANÓW - OBSZAR MIEJSKI
1,0,1,2014,Pochmurno; Opady deszczu,Najechanie na pieszego,Pochmurno; Opady deszczu,Noc - droga oświetlona,Przejście dla pieszych,EWK-98693448Q,16,2014-12-19,Ciężko,19*40'560,52*33'274,P,Obszar zabudowany,Odcinek prosty,Droga powiatowa,Jednojezdniowa dwukierunkowa,N,POWIAT PŁOCK,PŁOCK - OBSZAR MIEJSKI
1,1,0,2014,Pochmurno; Opady deszczu,Najechanie na pieszego,Pochmurno; Opady deszczu,Noc - droga oświetlona,Przejście dla pieszych,EWK-98693448Q,16,2014-12-19,Nieokreślone (puste pole),19*40'560,52*33'274,P,Obszar zabudowany,Odcinek prosty,Droga powiatowa,Jednojezdniowa dwukierunkowa,N,POWIAT PŁOCK,PŁOCK - OBSZAR MIEJSKI
1,0,1,2014,Pochmurno; Opady deszczu,Najechanie na pieszego,Pochmurno; Opady deszczu,Noc - droga oświetlona,Przejście dla pieszych,EWK-98698754E,15,2014-12-22,Lekko,19*42'017,52*33'032,P,Obszar zabudowany,,Droga powiatowa,Jednojezdniowa dwukierunkowa,N,POWIAT PŁOCK,PŁOCK - OBSZAR MIEJSKI
1,0,0,2014,Pochmurno; Opady deszczu,Najechanie na pieszego,Pochmurno; Opady deszczu,Noc - droga oświetlona,Przejście dla pieszych,EWK-98698754E,15,2014-12-22,Nieokreślone (puste pole),19*42'017,52*33'032,P,Obszar zabudowany,,Droga powiatowa,Jednojezdniowa dwukierunkowa,N,POWIAT PŁOCK,PŁOCK - OBSZAR MIEJSKI
1,1,0,2014,Pochmurno; Opady deszczu,Najechanie na pieszego,Pochmurno; Opady deszczu,Noc - droga oświetlona,Przejście dla pieszych,EWK-98698977C,6,2014-12-22,Nieokreślone (puste pole),21*19'008,51*37'281,730,Obszar zabudowany,,Droga wojewódzka,Jednojezdniowa dwukierunkowa,N,POWIAT KOZIENICKI,GŁOWACZÓW - OBSZAR WIEJSKI
1,1,0,2014,Pochmurno; Opady deszczu,Najechanie na pieszego,Pochmurno; Opady deszczu,Noc - droga oświetlona,Przejście dla pieszych,EWK-98699052P,17,2014-12-23,Nieokreślone (puste pole),21*41'015,53*02'079,627,Obszar zabudowany,,Droga wojewódzka,Jednojezdniowa dwukierunkowa,N,POWIAT OSTROŁĘCKI,TROSZYN - OBSZAR WIEJSKI
1,0,1,2014,Pochmurno; Opady deszczu,Najechanie na pieszego,Pochmurno; Opady deszczu,"Zmrok, świt",Przejście dla pieszych,EWK-98484095X,6,2014-10-17,Lekko,19*42'080,52*32'188,P,Obszar zabudowany,Odcinek prosty,Droga powiatowa,Jednojezdniowa dwukierunkowa,N,POWIAT PŁOCK,PŁOCK - OBSZAR MIEJSKI
1,0,0,2014,Pochmurno; Opady deszczu,Najechanie na pieszego,Pochmurno; Opady deszczu,"Zmrok, świt",Przejście dla pieszych,EWK-98484095X,6,2014-10-17,Nieokreślone (puste pole),19*42'080,52*32'188,P,Obszar zabudowany,Odcinek prosty,Droga powiatowa,Jednojezdniowa dwukierunkowa,N,POWIAT PŁOCK,PŁOCK - OBSZAR MIEJSKI
1,0,1,2014,Pochmurno; Opady deszczu,Najechanie na pieszego,Pochmurno; Opady deszczu,"Zmrok, świt",Przejście dla pieszych,EWK-98649334H,5,2014-11-18,Lekko,21*34'592,53*05'056,P5112W,Obszar zabudowany,Odcinek prosty,Droga powiatowa,Jednojezdniowa dwukierunkowa,N,POWIAT OSTROŁĘKA,OSTROŁĘKA - OBSZAR MIEJSKI
1,0,0,2014,Pochmurno; Opady deszczu,Najechanie na pieszego,Pochmurno; Opady deszczu,"Zmrok, świt",Przejście dla pieszych,EWK-98649334H,5,2014-11-18,Nieokreślone (puste pole),21*34'592,53*05'056,P5112W,Obszar zabudowany,Odcinek prosty,Droga powiatowa,Jednojezdniowa dwukierunkowa,N,POWIAT OSTROŁĘKA,OSTROŁĘKA - OBSZAR MIEJSKI
1,1,0,2014,Pochmurno; Opady deszczu,Najechanie na pieszego,Pochmurno; Opady deszczu,"Zmrok, świt",Przejście dla pieszych,EWK-98692781M,7,2014-12-18,Nieokreślone (puste pole),20*25'479,52*03'476,GMINNA,Obszar zabudowany,Odcinek prosty,Droga gminna,Jednojezdniowa dwukierunkowa,N,POWIAT ŻYRARDOWSKI,ŻYRARDÓW - OBSZAR MIEJSKI
1,0,1,2014,Pochmurno; Opady deszczu,Najechanie na pieszego,Pochmurno; Opady deszczu,"Zmrok, świt",Przejście dla pieszych,EWK-98693643J,15,2014-12-22,Lekko,21*34'170,53*04'528,P5107W,Obszar zabudowany,,Droga powiatowa,Dwie jezdnie jednokierunkowe,N,POWIAT OSTROŁĘKA,OSTROŁĘKA - OBSZAR MIEJSKI
1,0,0,2014,Pochmurno; Opady deszczu,Najechanie na pieszego,Pochmurno; Opady deszczu,"Zmrok, świt",Przejście dla pieszych,EWK-98693643J,15,2014-12-22,Nieokreślone (puste pole),21*34'170,53*04'528,P5107W,Obszar zabudowany,,Droga powiatowa,Dwie jezdnie jednokierunkowe,N,POWIAT OSTROŁĘKA,OSTROŁĘKA - OBSZAR MIEJSKI
1,0,1,2014,Pochmurno; Opady deszczu,Najechanie na pieszego,Pochmurno; Opady deszczu,"Zmrok, świt",Przejście dla pieszych,EWK-98698081G,15,2014-12-22,Lekko,20*22'294,53*06'465,P4640W,Obszar zabudowany,Odcinek prosty,Droga powiatowa,Jednojezdniowa dwukierunkowa,T,POWIAT MŁAWSKI,MŁAWA - OBSZAR MIEJSKI
1,0,0,2014,Pochmurno; Opady deszczu,Najechanie na pieszego,Pochmurno; Opady deszczu,"Zmrok, świt",Przejście dla pieszych,EWK-98698081G,15,2014-12-22,Nieokreślone (puste pole),20*22'294,53*06'465,P4640W,Obszar zabudowany,Odcinek prosty,Droga powiatowa,Jednojezdniowa dwukierunkowa,T,POWIAT MŁAWSKI,MŁAWA - OBSZAR MIEJSKI
1,0,1,2014,Pochmurno; Opady deszczu,Najechanie na pieszego,Pochmurno; Opady deszczu,"Zmrok, świt",Przejście dla pieszych,EWK-98698704G,16,2014-12-22,Lekko,19*50'409,53*07'095,541,Obszar zabudowany,Odcinek prosty,Droga wojewódzka,Jednojezdniowa dwukierunkowa,N,POWIAT ŻUROMIŃSKI,LUBOWIDZ - OBSZAR WIEJSKI
1,0,0,2014,Pochmurno; Opady deszczu,Najechanie na pieszego,Pochmurno; Opady deszczu,"Zmrok, świt",Przejście dla pieszych,EWK-98698704G,16,2014-12-22,Nieokreślone (puste pole),19*50'409,53*07'095,541,Obszar zabudowany,Odcinek prosty,Droga wojewódzka,Jednojezdniowa dwukierunkowa,N,POWIAT ŻUROMIŃSKI,LUBOWIDZ - OBSZAR WIEJSKI
1,0,1,2014,Pochmurno; Opady deszczu,Najechanie na pieszego,Pochmurno; Opady deszczu,Światło dzienne,"Chodnik, droga dla pieszych",EWK-98297587E,14,2014-06-30,Lekko,20*36'564,52*52'543,60,Obszar zabudowany,Odcinek prosty,Droga krajowa,Jednojezdniowa dwukierunkowa,N,POWIAT CIECHANOWSKI,CIECHANÓW - OBSZAR MIEJSKI
1,0,0,2014,Pochmurno; Opady deszczu,Najechanie na pieszego,Pochmurno; Opady deszczu,Światło dzienne,"Chodnik, droga dla pieszych",EWK-98297587E,14,2014-06-30,Nieokreślone (puste pole),20*36'564,52*52'543,60,Obszar zabudowany,Odcinek prosty,Droga krajowa,Jednojezdniowa dwukierunkowa,N,POWIAT CIECHANOWSKI,CIECHANÓW - OBSZAR MIEJSKI
1,0,1,2014,Pochmurno; Opady deszczu,Najechanie na pieszego,Pochmurno; Opady deszczu,Światło dzienne,Jezdnia,EWK-98236477Y,12,2014-05-16,Lekko,20*37'321,51*21'333,12,Obszar zabudowany,,Droga krajowa,Jednojezdniowa dwukierunkowa,N,POWIAT PRZYSUSKI,PRZYSUCHA - OBSZAR MIEJSKI
1,0,0,2014,Pochmurno; Opady deszczu,Najechanie na pieszego,Pochmurno; Opady deszczu,Światło dzienne,Jezdnia,EWK-98236477Y,12,2014-05-16,Nieokreślone (puste pole),20*37'321,51*21'333,12,Obszar zabudowany,,Droga krajowa,Jednojezdniowa dwukierunkowa,N,POWIAT PRZYSUSKI,PRZYSUCHA - OBSZAR MIEJSKI
1,0,1,2014,Pochmurno; Opady deszczu,Najechanie na pieszego,Pochmurno; Opady deszczu,Światło dzienne,Jezdnia,EWK-98418129J,6,2014-09-23,Lekko,19*58'525,52*42'479,P2911W,Obszar niezabudowany,Odcinek prosty,Droga powiatowa,Jednojezdniowa dwukierunkowa,N,POWIAT PŁOCKI,DROBIN - OBSZAR WIEJSKI
1,0,0,2014,Pochmurno; Opady deszczu,Najechanie na pieszego,Pochmurno; Opady deszczu,Światło dzienne,Jezdnia,EWK-98418129J,6,2014-09-23,Nieokreślone (puste pole),19*58'525,52*42'479,P2911W,Obszar niezabudowany,Odcinek prosty,Droga powiatowa,Jednojezdniowa dwukierunkowa,N,POWIAT PŁOCKI,DROBIN - OBSZAR WIEJSKI
1,0,1,2014,Pochmurno; Opady deszczu,Najechanie na pieszego,Pochmurno; Opady deszczu,Światło dzienne,Przejście dla pieszych,EWK-98357062E,18,2014-08-11,Lekko,20*25'576,52*03'191,P4729W,Obszar zabudowany,,Droga powiatowa,Jednojezdniowa dwukierunkowa,N,POWIAT ŻYRARDOWSKI,ŻYRARDÓW - OBSZAR MIEJSKI
1,0,0,2014,Pochmurno; Opady deszczu,Najechanie na pieszego,Pochmurno; Opady deszczu,Światło dzienne,Przejście dla pieszych,EWK-98357062E,18,2014-08-11,Nieokreślone (puste pole),20*25'576,52*03'191,P4729W,Obszar zabudowany,,Droga powiatowa,Jednojezdniowa dwukierunkowa,N,POWIAT ŻYRARDOWSKI,ŻYRARDÓW - OBSZAR MIEJSKI
1,0,1,2014,Pochmurno; Opady deszczu,Najechanie na pieszego,Pochmurno; Opady deszczu,Światło dzienne,Przejście dla pieszych,EWK-98618330K,14,2014-10-23,Lekko,20*37'387,51*21'321,12,Obszar zabudowany,Odcinek prosty,Droga krajowa,Jednojezdniowa dwukierunkowa,N,POWIAT PRZYSUSKI,PRZYSUCHA - OBSZAR MIEJSKI
1,0,0,2014,Pochmurno; Opady deszczu,Najechanie na pieszego,Pochmurno; Opady deszczu,Światło dzienne,Przejście dla pieszych,EWK-98618330K,14,2014-10-23,Nieokreślone (puste pole),20*37'387,51*21'321,12,Obszar zabudowany,Odcinek prosty,Droga krajowa,Jednojezdniowa dwukierunkowa,N,POWIAT PRZYSUSKI,PRZYSUCHA - OBSZAR MIEJSKI
1,0,1,2014,Pochmurno; Opady deszczu,Najechanie na pieszego,Pochmurno; Opady deszczu,Światło dzienne,Przejście dla pieszych,EWK-98640868X,8,2014-11-09,Ciężko,21*32'568,51*35'032,48,Obszar zabudowany,Odcinek prosty,Droga krajowa,Jednojezdniowa dwukierunkowa,N,POWIAT KOZIENICKI,KOZIENICE - OBSZAR MIEJSKI
1,0,0,2014,Pochmurno; Opady deszczu,Najechanie na pieszego,Pochmurno; Opady deszczu,Światło dzienne,Przejście dla pieszych,EWK-98640868X,8,2014-11-09,Nieokreślone (puste pole),21*32'568,51*35'032,48,Obszar zabudowany,Odcinek prosty,Droga krajowa,Jednojezdniowa dwukierunkowa,N,POWIAT KOZIENICKI,KOZIENICE - OBSZAR MIEJSKI
1,0,1,2014,"Pochmurno; Opady śniegu, gradu",Najechanie na pieszego,"Pochmurno; Opady śniegu, gradu",Światło dzienne,"Chodnik, droga dla pieszych",EWK-98100893G,7,2014-01-20,Lekko,19*40'520,52*33'231,GMINNA,Obszar zabudowany,Odcinek prosty,Droga gminna,Jednojezdniowa dwukierunkowa,N,POWIAT PŁOCK,PŁOCK - OBSZAR MIEJSKI
1,0,0,2014,"Pochmurno; Opady śniegu, gradu",Najechanie na pieszego,"Pochmurno; Opady śniegu, gradu",Światło dzienne,"Chodnik, droga dla pieszych",EWK-98100893G,7,2014-01-20,Nieokreślone (puste pole),19*40'520,52*33'231,GMINNA,Obszar zabudowany,Odcinek prosty,Droga gminna,Jednojezdniowa dwukierunkowa,N,POWIAT PŁOCK,PŁOCK - OBSZAR MIEJSKI
1,0,1,2014,Silny wiatr,Najechanie na pieszego,Silny wiatr,Noc - droga nieoświetlona,Jezdnia,EWK-98117378W,18,2014-01-31,Ciężko,21*54'410,52*47'599,P,Obszar zabudowany,,Droga powiatowa,Jednojezdniowa dwukierunkowa,N,POWIAT OSTROWSKI,OSTRÓW MAZOWIECKA - OBSZAR MIEJSKI
1,0,0,2014,Silny wiatr,Najechanie na pieszego,Silny wiatr,Noc - droga nieoświetlona,Jezdnia,EWK-98117378W,18,2014-01-31,Nieokreślone (puste pole),21*54'410,52*47'599,P,Obszar zabudowany,,Droga powiatowa,Jednojezdniowa dwukierunkowa,N,POWIAT OSTROWSKI,OSTRÓW MAZOWIECKA - OBSZAR MIEJSKI
1,0,1,2014,Silny wiatr,Najechanie na pieszego,Silny wiatr,Noc - droga oświetlona,Jezdnia,EWK-98693589J,17,2014-12-21,Lekko,21*11'192,51*47'265,GMINNA,Obszar zabudowany,Odcinek prosty,Droga gminna,Jednojezdniowa dwukierunkowa,N,POWIAT GRÓJECKI,WARKA - OBSZAR MIEJSKI
1,0,0,2014,Silny wiatr,Najechanie na pieszego,Silny wiatr,Noc - droga oświetlona,Jezdnia,EWK-98693589J,17,2014-12-21,Nieokreślone (puste pole),21*11'192,51*47'265,GMINNA,Obszar zabudowany,Odcinek prosty,Droga gminna,Jednojezdniowa dwukierunkowa,N,POWIAT GRÓJECKI,WARKA - OBSZAR MIEJSKI
1,0,1,2014,Silny wiatr,Najechanie na pieszego,Silny wiatr,Noc - droga oświetlona,Jezdnia,EWK-98693769N,17,2014-12-22,Lekko,21*05'368,51*21'185,G530266W,Obszar zabudowany,"Zakręt, łuk",Droga gminna,Jednojezdniowa dwukierunkowa,N,POWIAT RADOM,RADOM - OBSZAR MIEJSKI
1,0,0,2014,Silny wiatr,Najechanie na pieszego,Silny wiatr,Noc - droga oświetlona,Jezdnia,EWK-98693769N,17,2014-12-22,Nieokreślone (puste pole),21*05'368,51*21'185,G530266W,Obszar zabudowany,"Zakręt, łuk",Droga gminna,Jednojezdniowa dwukierunkowa,N,POWIAT RADOM,RADOM - OBSZAR MIEJSKI
1,0,1,2014,Silny wiatr,Najechanie na pieszego,Silny wiatr,"Zmrok, świt",Jezdnia,EWK-98693753U,16,2014-12-22,Lekko,20*54'537,51*27'068,34365W,Obszar niezabudowany,Odcinek prosty,Droga powiatowa,Jednojezdniowa dwukierunkowa,N,POWIAT RADOMSKI,PRZYTYK - OBSZAR WIEJSKI
1,0,0,2014,Silny wiatr,Najechanie na pieszego,Silny wiatr,"Zmrok, świt",Jezdnia,EWK-98693753U,16,2014-12-22,Nieokreślone (puste pole),20*54'537,51*27'068,34365W,Obszar niezabudowany,Odcinek prosty,Droga powiatowa,Jednojezdniowa dwukierunkowa,N,POWIAT RADOMSKI,PRZYTYK - OBSZAR WIEJSKI
1,1,0,2014,Silny wiatr; Opady deszczu,Najechanie na pieszego,Silny wiatr; Opady deszczu,Noc - droga nieoświetlona,Przejście dla pieszych,EWK-98651649X,16,2014-11-19,Nieokreślone (puste pole),20*16'066,52*11'439,50,Obszar niezabudowany,Odcinek prosty,Droga krajowa,Jednojezdniowa dwukierunkowa,N,POWIAT SOCHACZEWSKI,SOCHACZEW - OBSZAR WIEJSKI
1,0,1,2014,Silny wiatr; Opady deszczu,Najechanie na pieszego,Silny wiatr; Opady deszczu,Noc - droga oświetlona,Przejście dla pieszych,EWK-98693426G,17,2014-12-19,Ciężko,19*40'426,52*33'046,559,Obszar zabudowany,,Droga wojewódzka,Jednojezdniowa dwukierunkowa,N,POWIAT PŁOCK,PŁOCK - OBSZAR MIEJSKI
1,0,0,2014,Silny wiatr; Opady deszczu,Najechanie na pieszego,Silny wiatr; Opady deszczu,Noc - droga oświetlona,Przejście dla pieszych,EWK-98693426G,17,2014-12-19,Nieokreślone (puste pole),19*40'426,52*33'046,559,Obszar zabudowany,,Droga wojewódzka,Jednojezdniowa dwukierunkowa,N,POWIAT PŁOCK,PŁOCK - OBSZAR MIEJSKI
1,0,1,2014,Silny wiatr; Opady deszczu,Najechanie na pieszego,Silny wiatr; Opady deszczu,Noc - droga oświetlona,Przejście dla pieszych,EWK-98700218W,6,2014-12-22,Lekko,22*00'575,52*23'500,,Obszar zabudowany,,Nieokreślone (puste pole),Jednojezdniowa dwukierunkowa,N,POWIAT WĘGROWSKI,WĘGRÓW - OBSZAR MIEJSKI
1,0,0,2014,Silny wiatr; Opady deszczu,Najechanie na pieszego,Silny wiatr; Opady deszczu,Noc - droga oświetlona,Przejście dla pieszych,EWK-98700218W,6,2014-12-22,Nieokreślone (puste pole),22*00'575,52*23'500,,Obszar zabudowany,,Nieokreślone (puste pole),Jednojezdniowa dwukierunkowa,N,POWIAT WĘGROWSKI,WĘGRÓW - OBSZAR MIEJSKI
1,1,0,2014,Silny wiatr; Opady deszczu,Najechanie na pieszego,Silny wiatr; Opady deszczu,"Zmrok, świt",Jezdnia,EWK-98697615A,15,2014-12-22,Nieokreślone (puste pole),20*22'348,52*37'135,P3078W,Obszar zabudowany,Odcinek prosty,Droga powiatowa,Jednojezdniowa dwukierunkowa,N,POWIAT PŁOŃSKI,PŁOŃSK - OBSZAR MIEJSKI
1,0,1,2014,"Silny wiatr; Opady śniegu, gradu",Najechanie na pieszego,"Silny wiatr; Opady śniegu, gradu",Noc - droga nieoświetlona,Jezdnia,EWK-98092145N,22,2014-01-12,Ciężko,21*36'404,51*28'561,79,Obszar zabudowany,Odcinek prosty,Droga krajowa,Jednojezdniowa dwukierunkowa,N,POWIAT KOZIENICKI,GARBATKA-LETNISKO - OBSZAR WIEJSKI
1,0,0,2014,"Silny wiatr; Opady śniegu, gradu",Najechanie na pieszego,"Silny wiatr; Opady śniegu, gradu",Noc - droga nieoświetlona,Jezdnia,EWK-98092145N,22,2014-01-12,Nieokreślone (puste pole),21*36'404,51*28'561,79,Obszar zabudowany,Odcinek prosty,Droga krajowa,Jednojezdniowa dwukierunkowa,N,POWIAT KOZIENICKI,GARBATKA-LETNISKO - OBSZAR WIEJSKI